개정일시,교과,학교급,교육과정,과목,영역,지식이해,성취기준,학습요소,유의사항,평가방법 및 유의사항
2015개정,수학,고등학교,공통 과목,공통수학,문자와 식,다항식의 연산,[10수학01-01]다항식의 사칙연산을 할 수 있다.,,,
2015개정,수학,고등학교,공통 과목,공통수학,문자와 식,나머지 정리,[10수학01-02]항등식의 성질을 이해한다.,,,
2015개정,수학,고등학교,공통 과목,공통수학,문자와 식,나머지 정리,"[10수학01-03]나머지정리의 의미를 이해하고, 이를 활용하여 문제를 해결할 수 있다.",,,
2015개정,수학,고등학교,공통 과목,공통수학,문자와 식,인수분해,[10수학01-04]다항식의 인수분해를 할 수 있다.,,,
2015개정,수학,고등학교,공통 과목,공통수학,문자와 식,복소수와 이차방정식,[10수학01-05]복소수의 뜻과 성질을 이해하고 사칙연산을 할 수 있다.,,,
2015개정,수학,고등학교,공통 과목,공통수학,문자와 식,복소수와 이차방정식,[10수학01-06]이차방정식의 실근과 허근의 뜻을 안다.,,,
2015개정,수학,고등학교,공통 과목,공통수학,문자와 식,복소수와 이차방정식,[10수학01-07]이차방정식에서 판별식의 의미를 이해하고 이를 설명할 수 있다.,,,
2015개정,수학,고등학교,공통 과목,공통수학,문자와 식,복소수와 이차방정식,[10수학01-08]이차방정식의 근과 계수의 관계를 이해한다.,,,
2015개정,수학,고등학교,공통 과목,공통수학,문자와 식,이차방정식과 이차함수,[10수학01-09]이차방정식과 이차함수의 관계를 이해한다.,,,
2015개정,수학,고등학교,공통 과목,공통수학,문자와 식,이차방정식과 이차함수,[10수학01-10]이차함수의 그래프와 직선의 위치 관계를 이해한다.,,,
2015개정,수학,고등학교,공통 과목,공통수학,문자와 식,이차방정식과 이차함수,"[10수학01-11]이차함수의 최대, 최소를 이해하고, 이를 활용하여 문제를 해결할 수 있다.",,,
2015개정,수학,고등학교,공통 과목,공통수학,문자와 식,여러 가지 방정식과 부등식,[10수학01-12]간단한 삼차방정식과 사차방정식을 풀 수 있다.,,,
2015개정,수학,고등학교,공통 과목,공통수학,문자와 식,여러 가지 방정식과 부등식,[10수학01-13]미지수가 2개인 연립이차방정식을 풀 수 있다.,,,
2015개정,수학,고등학교,공통 과목,공통수학,문자와 식,여러 가지 방정식과 부등식,[10수학01-14]미지수가 1개인 연립일차부등식을 풀 수 있다.,,,
2015개정,수학,고등학교,공통 과목,공통수학,문자와 식,여러 가지 방정식과 부등식,[10수학01-15]절댓값을 포함한 일차부등식을 풀 수 있다.,,,
2015개정,수학,고등학교,공통 과목,공통수학,문자와 식,여러 가지 방정식과 부등식,"[10수학01-16]이차부등식과 이차함수의 관계를 이해하고, 이차부등식과 연립이차부등식을 풀 수 있다.",,,
2015개정,수학,고등학교,공통 과목,공통수학,기하,평면좌표,[10수학02-01]두 점 사이의 거리를 구할 수 있다.,,,
2015개정,수학,고등학교,공통 과목,공통수학,기하,평면좌표,"[10수학02-02]선분의 내분과 외분을 이해하고, 내분점과 외분점의 좌표를 구할 수 있다.",,,
2015개정,수학,고등학교,공통 과목,공통수학,기하,직선의 방정식,[10수학02-03]직선의 방정식을 구할 수 있다.,,,
2015개정,수학,고등학교,공통 과목,공통수학,기하,직선의 방정식,[10수학02-04]두 직선의 평행 조건과 수직 조건을 이해한다.,,,
2015개정,수학,고등학교,공통 과목,공통수학,기하,직선의 방정식,[10수학02-05]점과 직선 사이의 거리를 구할 수 있다.,,,
2015개정,수학,고등학교,공통 과목,공통수학,기하,원의 방정식,[10수학02-06]원의 방정식을 구할 수 있다.,,,
2015개정,수학,고등학교,공통 과목,공통수학,기하,원의 방정식,[10수학02-07]좌표평면에서 원과 직선의 위치 관계를 이해한다.,,,
2015개정,수학,고등학교,공통 과목,공통수학,기하,도형의 이동,[10수학02-08]평행이동의 의미를 이해한다.,,,
2015개정,수학,고등학교,공통 과목,공통수학,기하,도형의 이동,"[10수학02-09]원점, 축, 축, 직선 에 대한 대칭이동의 의미를 이해한다.",,,
2015개정,수학,고등학교,공통 과목,공통수학,수와 연산,집합,"[10수학03-01]집합의 개념을 이해하고, 집합을 표현할 수 있다.",,,
2015개정,수학,고등학교,공통 과목,공통수학,수와 연산,집합,[10수학03-02]두 집합 사이의 포함 관계를 이해한다.,,,
2015개정,수학,고등학교,공통 과목,공통수학,수와 연산,집합,[10수학03-03]집합의 연산을 할 수 있다.,,,
2015개정,수학,고등학교,공통 과목,공통수학,수와 연산,집합,"[10수학03-04]명제와 조건의 뜻을 알고, ‘모든’, ‘어떤’을 포함한 명제를 이해한다.",,,
2015개정,수학,고등학교,공통 과목,공통수학,수와 연산,명제,[10수학03-05]명제의 역과 대우를 이해한다.,,,
2015개정,수학,고등학교,공통 과목,공통수학,수와 연산,명제,[10수학03-06]충분조건과 필요조건을 이해하고 구별할 수 있다.,,,
2015개정,수학,고등학교,공통 과목,공통수학,수와 연산,명제,[10수학03-07]대우를 이용한 증명법과 귀류법을 이해한다.,,,
2015개정,수학,고등학교,공통 과목,공통수학,수와 연산,명제,"[10수학03-08]절대부등식의 의미를 이해하고, 간단한 절대부등식을 증명할 수 있다.",,,
2015개정,수학,고등학교,공통 과목,공통수학,함수,함수,"[10수학04-01]함수의 개념을 이해하고, 그 그래프를 이해한다.",,,
2015개정,수학,고등학교,공통 과목,공통수학,함수,함수,"[10수학04-02]함수의 합성을 이해하고, 합성함수를 구할 수 있다.",,,
2015개정,수학,고등학교,공통 과목,공통수학,함수,함수,"[10수학04-03]역함수의 의미를 이해하고, 주어진 함수의 역함수를 구할 수 있다.",,,
2015개정,수학,고등학교,공통 과목,공통수학,함수,유리함수와 무리함수,"[10수학04-04]유리함수 y = (ax+b)/(cx+d)의 그래프를 그릴 수 있고, 그 그래프의 성질을 이해한다.",,,
2015개정,수학,고등학교,공통 과목,공통수학,함수,유리함수와 무리함수,"[10수학04-05]무리함수 y = sqrt(ax+b)+c의 그래프를 그릴 수 있고, 그 그래프의 성질을 이해한다.",,,
2015개정,수학,고등학교,공통 과목,공통수학,확률과 통계,경우의 수,"[10수학05-01]합의 법칙과 곱의 법칙을 이해하고, 이를 이용하여 경우의 수를 구할 수 있다.",,,
2015개정,수학,고등학교,공통 과목,공통수학,확률과 통계,순열과 조합,"[10수학05-02]순열의 의미를 이해하고, 순열의 수를 구할 수 있다.",,,
2015개정,수학,고등학교,공통 과목,공통수학,확률과 통계,순열과 조합,"[10수학05-03]조합의 의미를 이해하고, 조합의 수를 구할 수 있다.",,,
2015개정,수학,고등학교,일반 선택,수학1,해석,지수와 로그,"[12수학Ⅰ01-01]거듭제곱과 거듭제곱근의 뜻을 알고, 그 성질을 이해한다.",,,
2015개정,수학,고등학교,일반 선택,수학1,해석,지수와 로그,"[12수학Ⅰ01-02]지수가 유리수, 실수까지 확장될 수 있음을 이해한다.",,,
2015개정,수학,고등학교,일반 선택,수학1,해석,지수와 로그,"[12수학Ⅰ01-03]지수법칙을 이해하고, 이를 이용하여 식을 간단히 나타낼 수 있다.",,,
2015개정,수학,고등학교,일반 선택,수학1,해석,지수와 로그,"[12수학Ⅰ01-04]로그의 뜻을 알고, 그 성질을 이해한다.",,,
2015개정,수학,고등학교,일반 선택,수학1,해석,지수와 로그,"[12수학Ⅰ01-05]상용로그를 이해하고, 이를 활용할 수 있다.",,,
2015개정,수학,고등학교,일반 선택,수학1,해석,지수함수와 로그함수,[12수학Ⅰ01-06]지수함수와 로그함수의 뜻을 안다.,,,
2015개정,수학,고등학교,일반 선택,수학1,해석,지수함수와 로그함수,"[12수학Ⅰ01-07]지수함수와 로그함수의 그래프를 그릴 수 있고, 그 성질을 이해한다.",,,
2015개정,수학,고등학교,일반 선택,수학1,해석,지수함수와 로그함수,[12수학Ⅰ01-08]지수함수와 로그함수를 활용하여 문제를 해결할 수 있다.,,,
2015개정,수학,고등학교,일반 선택,수학1,해석,삼각함수,[12수학Ⅰ02-01]일반각과 호도법의 뜻을 안다.,,,
2015개정,수학,고등학교,일반 선택,수학1,해석,삼각함수,"[12수학Ⅰ02-02]삼각함수의 뜻을 알고, 사인함수, 코사인함수, 탄젠트함수의 그래프를 그릴 수 있다.",,,
2015개정,수학,고등학교,일반 선택,수학1,해석,삼각함수,"[12수학Ⅰ02-03]사인법칙과 코사인법칙을 이해하고, 이를 활용할 수 있다.",,,
2015개정,수학,고등학교,일반 선택,수학1,대수,등차수열과 등비수열,[12수학Ⅰ03-01]수열의 뜻을 안다.,,,
2015개정,수학,고등학교,일반 선택,수학1,대수,등차수열과 등비수열,"[12수학Ⅰ03-02]등차수열의 뜻을 알고, 일반항, 첫째항부터 제항까지의 합을 구할 수 있다.",,,
2015개정,수학,고등학교,일반 선택,수학1,대수,등차수열과 등비수열,"[12수학Ⅰ03-03]등비수열의 뜻을 알고, 일반항, 첫째항부터 제항까지의 합을 구할 수 있다.",,,
2015개정,수학,고등학교,일반 선택,수학1,대수,수열의 합,"[12수학Ⅰ03-04]의 뜻을 알고, 그 성질을 이해하고, 이를 활용할 수 있다.",,,
2015개정,수학,고등학교,일반 선택,수학1,대수,수열의 합,[12수학Ⅰ03-05]여러 가지 수열의 첫째항부터 제항까지의 합을 구할 수 있다.,,,
2015개정,수학,고등학교,일반 선택,수학1,대수,수학적 귀납법,[12수학Ⅰ03-06]수열의 귀납적 정의를 이해한다.,,,
2015개정,수학,고등학교,일반 선택,수학1,대수,수학적 귀납법,[12수학Ⅰ03-07]수학적 귀납법의 원리를 이해한다.,,,
2015개정,수학,고등학교,일반 선택,수학1,대수,수학적 귀납법,[12수학Ⅰ03-08]수학적 귀납법을 이용하여 명제를 증명할 수 있다.,,,
2015개정,수학,고등학교,일반 선택,수학2,해석,함수의 극한,[12수학Ⅱ01-01]함수의 극한의 뜻을 안다.,,,
2015개정,수학,고등학교,일반 선택,수학2,해석,함수의 극한,"[12수학Ⅱ01-02]함수의 극한에 대한 성질을 이해하고, 함수의 극한값을 구할 수 있다.",,,
2015개정,수학,고등학교,일반 선택,수학2,해석,함수의 연속,[12수학Ⅱ01-03]함수의 연속의 뜻을 안다.,,,
2015개정,수학,고등학교,일반 선택,수학2,해석,함수의 연속,"[12수학Ⅱ01-04]연속함수의 성질을 이해하고, 이를 활용할 수 있다.",,,
2015개정,수학,고등학교,일반 선택,수학2,해석,미분계수,"[12수학Ⅱ02-01]미분계수의 뜻을 알고, 그 값을 구할 수 있다.",,,
2015개정,수학,고등학교,일반 선택,수학2,해석,미분계수,[12수학Ⅱ02-02]미분계수의 기하적 의미를 이해한다.,,,
2015개정,수학,고등학교,일반 선택,수학2,해석,미분계수,[12수학Ⅱ02-03]미분가능성과 연속성의 관계를 이해한다.,,,
2015개정,수학,고등학교,일반 선택,수학2,해석,도함수,[12수학Ⅱ02-04]함수 y=x^n(n은 양의 정수)의 도함수를 구할 수 있다.,,,
2015개정,수학,고등학교,일반 선택,수학2,해석,도함수,"[12수학Ⅱ02-05]함수의 실수배, 합, 차, 곱의 미분법을 알고, 다항함수의 도함수를 구할 수 있다.",,,
2015개정,수학,고등학교,일반 선택,수학2,해석,도함수의 활용,[12수학Ⅱ02-06]접선의 방정식을 구할 수 있다.,,,
2015개정,수학,고등학교,일반 선택,수학2,해석,도함수의 활용,[12수학Ⅱ02-07]함수에 대한 평균값 정리를 이해한다.,,,
2015개정,수학,고등학교,일반 선택,수학2,해석,도함수의 활용,"[12수학Ⅱ02-08]함수의 증가와 감소, 극대와 극소를 판정하고 설명할 수 있다.",,,
2015개정,수학,고등학교,일반 선택,수학2,해석,도함수의 활용,[12수학Ⅱ02-09]함수의 그래프의 개형을 그릴 수 있다.,,,
2015개정,수학,고등학교,일반 선택,수학2,해석,도함수의 활용,[12수학Ⅱ02-10]방정식과 부등식에 대한 문제를 해결할 수 있다.,,,
2015개정,수학,고등학교,일반 선택,수학2,해석,도함수의 활용,[12수학Ⅱ02-11]속도와 가속도에 대한 문제를 해결할 수 있다.,,,
2015개정,수학,고등학교,일반 선택,수학2,해석,부정적분,[12수학Ⅱ03-01]부정적분의 뜻을 안다.,,,
2015개정,수학,고등학교,일반 선택,수학2,해석,부정적분,"[12수학Ⅱ03-02]함수의 실수배, 합, 차의 부정적분을 알고, 다항함수의 부정적분을 구할 수 있다.",,,
2015개정,수학,고등학교,일반 선택,수학2,해석,정적분,[12수학Ⅱ03-03]정적분의 뜻을 안다.,,,
2015개정,수학,고등학교,일반 선택,수학2,해석,정적분,[12수학Ⅱ03-04]다항함수의 정적분을 구할 수 있다.,,,
2015개정,수학,고등학교,일반 선택,수학2,해석,정적분의 활용,[12수학Ⅱ03-05]곡선으로 둘러싸인 도형의 넓이를 구할 수 있다.,,,
2015개정,수학,고등학교,일반 선택,수학2,해석,정적분의 활용,[12수학Ⅱ03-06]속도와 거리에 대한 문제를 해결할 수 있다.,,,
2015개정,수학,고등학교,일반 선택,미적분,해석,수열의 극한,"[12미적01-01]수열의 수렴, 발산의 뜻을 알고, 이를 판별할 수 있다.",,,
2015개정,수학,고등학교,일반 선택,미적분,해석,수열의 극한,"[12미적01-02]수열의 극한에 대한 기본 성질을 이해하고, 이를 이용하여 극한값을 구할 수 있다.",,,
2015개정,수학,고등학교,일반 선택,미적분,해석,수열의 극한,[12미적01-03]등비수열의 극한값을 구할 수 있다.,,,
2015개정,수학,고등학교,일반 선택,미적분,해석,급수,"[12미적01-04]급수의 수렴, 발산의 뜻을 알고, 이를 판별할 수 있다.",,,
2015개정,수학,고등학교,일반 선택,미적분,해석,급수,"[12미적01-05]등비급수의 뜻을 알고, 그 합을 구할 수 있다.",,,
2015개정,수학,고등학교,일반 선택,미적분,해석,급수,[12미적01-06]등비급수를 활용하여 여러 가지 문제를 해결할 수 있다.,,,
2015개정,수학,고등학교,일반 선택,미적분,해석,여러 가지 함수의 미분,[12미적02-01]지수함수와 로그함수의 극한을 구할 수 있다.,,,
2015개정,수학,고등학교,일반 선택,미적분,해석,여러 가지 함수의 미분,[12미적02-02]지수함수와 로그함수를 미분할 수 있다.,,,
2015개정,수학,고등학교,일반 선택,미적분,해석,여러 가지 함수의 미분,[12미적02-03]삼각함수의 덧셈정리를 이해한다.,,,
2015개정,수학,고등학교,일반 선택,미적분,해석,여러 가지 함수의 미분,[12미적02-04]삼각함수의 극한을 구할 수 있다.,,,
2015개정,수학,고등학교,일반 선택,미적분,해석,여러 가지 함수의 미분,[12미적02-05]사인함수와 코사인함수를 미분할 수 있다.,,,
2015개정,수학,고등학교,일반 선택,미적분,해석,여러 가지 미분법,[12미적02-06]함수의 몫을 미분할 수 있다.,,,
2015개정,수학,고등학교,일반 선택,미적분,해석,여러 가지 미분법,[12미적02-07]합성함수를 미분할 수 있다.,,,
2015개정,수학,고등학교,일반 선택,미적분,해석,여러 가지 미분법,[12미적02-08]매개변수로 나타낸 함수를 미분할 수 있다.,,,
2015개정,수학,고등학교,일반 선택,미적분,해석,여러 가지 미분법,[12미적02-09]음함수와 역함수를 미분할 수 있다.,,,
2015개정,수학,고등학교,일반 선택,미적분,해석,여러 가지 미분법,[12미적02-10]이계도함수를 구할 수 있다.,,,
2015개정,수학,고등학교,일반 선택,미적분,해석,도함수의 활용,[12미적02-11]접선의 방정식을 구할 수 있다.,,,
2015개정,수학,고등학교,일반 선택,미적분,해석,도함수의 활용,[12미적02-12]함수의 그래프의 개형을 그릴 수 있다.,,,
2015개정,수학,고등학교,일반 선택,미적분,해석,도함수의 활용,[12미적02-13]방정식과 부등식에 대한 문제를 해결할 수 있다.,,,
2015개정,수학,고등학교,일반 선택,미적분,해석,도함수의 활용,[12미적02-14]속도와 가속도에 대한 문제를 해결할 수 있다.,,,
2015개정,수학,고등학교,일반 선택,미적분,해석,여러 가지 적분법,"[12미적03-01]치환적분법을 이해하고, 이를 활용할 수 있다.",,,
2015개정,수학,고등학교,일반 선택,미적분,해석,여러 가지 적분법,"[12미적03-02]부분적분법을 이해하고, 이를 활용할 수 있다.",,,
2015개정,수학,고등학교,일반 선택,미적분,해석,여러 가지 적분법,[12미적03-03]여러 가지 함수의 부정적분과 정적분을 구할 수 있다.,,,
2015개정,수학,고등학교,일반 선택,미적분,해석,정적분의 활용,[12미적03-04]정적분과 급수의 합 사이의 관계를 이해한다.,,,
2015개정,수학,고등학교,일반 선택,미적분,해석,정적분의 활용,[12미적03-05]곡선으로 둘러싸인 도형의 넓이를 구할 수 있다.,,,
2015개정,수학,고등학교,일반 선택,미적분,해석,정적분의 활용,[12미적03-06]입체도형의 부피를 구할 수 있다.,,,
2015개정,수학,고등학교,일반 선택,미적분,해석,정적분의 활용,[12미적03-07]속도와 거리에 대한 문제를 해결할 수 있다.,,,
2015개정,수학,고등학교,일반 선택,확률과 통계,확률과 통계,순열과 조합,"[12확통01-01]원순열, 중복순열, 같은 것이 있는 순열을 이해하고, 그 순열의 수를 구할 수 있다.",,,
2015개정,수학,고등학교,일반 선택,확률과 통계,확률과 통계,순열과 조합,"[12확통01-02]중복조합을 이해하고, 중복조합의 수를 구할 수 있다.",,,
2015개정,수학,고등학교,일반 선택,확률과 통계,확률과 통계,이항정리,[12확통01-03]이항정리를 이해하고 이를 이용하여 문제를 해결할 수 있다.,,,
2015개정,수학,고등학교,일반 선택,확률과 통계,확률과 통계,확률의 뜻과 활용,[12확통02-01]통계적 확률과 수학적 확률의 의미를 이해한다.,,,
2015개정,수학,고등학교,일반 선택,확률과 통계,확률과 통계,확률의 뜻과 활용,[12확통02-02]확률의 기본 성질을 이해한다.,,,
2015개정,수학,고등학교,일반 선택,확률과 통계,확률과 통계,확률의 뜻과 활용,"[12확통02-03]확률의 덧셈정리를 이해하고, 이를 활용할 수 있다.",,,
2015개정,수학,고등학교,일반 선택,확률과 통계,확률과 통계,확률의 뜻과 활용,"[12확통02-04]여사건의 확률의 뜻을 알고, 이를 활용할 수 있다.",,,
2015개정,수학,고등학교,일반 선택,확률과 통계,확률과 통계,조건부확률,"[12확통02-05]조건부확률의 의미를 이해하고, 이를 구할 수 있다.",,,
2015개정,수학,고등학교,일반 선택,확률과 통계,확률과 통계,조건부확률,"[12확통02-06]사건의 독립과 종속의 의미를 이해하고, 이를 설명할 수 있다.",,,
2015개정,수학,고등학교,일반 선택,확률과 통계,확률과 통계,조건부확률,"[12확통02-07]확률의 곱셈정리를 이해하고, 이를 활용할 수 있다.",,,
2015개정,수학,고등학교,일반 선택,확률과 통계,확률과 통계,확률분포,[12확통03-01]확률변수와 확률분포의 뜻을 안다.,,,
2015개정,수학,고등학교,일반 선택,확률과 통계,확률과 통계,확률분포,[12확통03-02]이산확률변수의 기댓값(평균)과 표준편차를 구할 수 있다.,,,
2015개정,수학,고등학교,일반 선택,확률과 통계,확률과 통계,확률분포,"[12확통03-03]이항분포의 뜻을 알고, 평균과 표준편차를 구할 수 있다.",,,
2015개정,수학,고등학교,일반 선택,확률과 통계,확률과 통계,확률분포,"[12확통03-04]정규분포의 뜻을 알고, 그 성질을 이해한다.",,,
2015개정,수학,고등학교,일반 선택,확률과 통계,확률과 통계,통계적 추정,[12확통03-05]모집단과 표본의 뜻을 알고 표본추출의 원리를 이해한다.,,,
2015개정,수학,고등학교,일반 선택,확률과 통계,확률과 통계,통계적 추정,[12확통03-06]표본평균과 모평균의 관계를 이해하고 설명할 수 있다.,,,
2015개정,수학,고등학교,일반 선택,확률과 통계,확률과 통계,통계적 추정,"[12확통03-07]모평균을 추정하고, 그 결과를 해석할 수 있다.",,,
2015개정,수학,고등학교,진로 선택,기하,기하,이차곡선,"[12기하01-01]포물선의 뜻을 알고, 포물선의 방정식을 구할 수 있다.",,,
2015개정,수학,고등학교,진로 선택,기하,기하,이차곡선,"[12기하01-02]타원의 뜻을 알고, 타원의 방정식을 구할 수 있다.",,,
2015개정,수학,고등학교,진로 선택,기하,기하,이차곡선,"[12기하01-03]쌍곡선의 뜻을 알고, 쌍곡선의 방정식을 구할 수 있다.",,,
2015개정,수학,고등학교,진로 선택,기하,기하,이차곡선,"[12기하01-04]이차곡선과 직선의 위치 관계를 이해하고, 접선의 방정식을 구할 수 있다.",,,
2015개정,수학,고등학교,진로 선택,기하,기하,벡터의 연산,[12기하02-01]벡터의 뜻을 안다.,,,
2015개정,수학,고등학교,진로 선택,기하,기하,벡터의 연산,"[12기하02-02]벡터의 덧셈, 뺄셈, 실수배를 할 수 있다.",,,
2015개정,수학,고등학교,진로 선택,기하,기하,평면벡터의 성분과 내적,"[12기하02-03]위치벡터의 뜻을 알고, 평면벡터와 좌표의 대응을 이해한다.",,,
2015개정,수학,고등학교,진로 선택,기하,기하,평면벡터의 성분과 내적,"[12기하02-04]두 평면벡터의 내적의 뜻을 알고, 이를 구할 수 있다.",,,
2015개정,수학,고등학교,진로 선택,기하,기하,평면벡터의 성분과 내적,[12기하02-05]좌표평면에서 벡터를 이용하여 직선과 원의 방정식을 구할 수 있다.,,,
2015개정,수학,고등학교,진로 선택,기하,기하,공간도형,"[12기하03-01]직선과 직선, 직선과 평면, 평면과 평면의 위치 관계에 대한 간단한 증명을 할 수 있다.",,,
2015개정,수학,고등학교,진로 선택,기하,기하,공간도형,"[12기하03-02]삼수선의 정리를 이해하고, 이를 활용할 수 있다.",,,
2015개정,수학,고등학교,진로 선택,기하,기하,공간도형,"[12기하03-03]정사영의 뜻을 알고, 이를 구할 수 있다.",,,
2015개정,수학,고등학교,진로 선택,기하,기하,공간좌표,[12기하03-04]좌표공간에서 점의 좌표를 구할 수 있다.,,,
2015개정,수학,고등학교,진로 선택,기하,기하,공간좌표,[12기하03-05]좌표공간에서 두 점 사이의 거리를 구할 수 있다.,,,
2015개정,수학,고등학교,진로 선택,기하,기하,공간좌표,[12기하03-06]좌표공간에서 선분의 내분점과 외분점의 좌표를 구할 수 있다.,,,
2015개정,수학,고등학교,진로 선택,기하,기하,공간좌표,[12기하03-07]구의 방정식을 구할 수 있다.,,,
2015개정,수학,중학교,공통 과목,수학,수와 연산,소인수분해,"[9수01-01]소인수분해의 뜻을 알고, 자연수를 소인수분해할 수 있다.",,,
2015개정,수학,중학교,공통 과목,수학,수와 연산,소인수분해,"[9수01-02]최대공약수와 최소공배수의 성질을 이해하고, 이를 구할 수 있다.",,,
2015개정,수학,중학교,공통 과목,수학,수와 연산,정수와 유리수,"[9수01-03]양수와 음수, 정수와 유리수의 개념을 이해한다.",,,
2015개정,수학,중학교,공통 과목,수학,수와 연산,정수와 유리수,[9수01-04]정수와 유리수의 대소 관계를 판단할 수 있다.,,,
2015개정,수학,중학교,공통 과목,수학,수와 연산,정수와 유리수,"[9수01-05]정수와 유리수의 사칙계산의 원리를 이해하고, 그 계산을 할 수 있다.",,,
2015개정,수학,중학교,공통 과목,수학,수와 연산,유리수와 순환소수,"[9수01-06]순환소수의 뜻을 알고, 유리수와 순환소수의 관계를 이해한다.",,,
2015개정,수학,중학교,공통 과목,수학,수와 연산,제곱근과 실수,"[9수01-07]제곱근의 뜻을 알고, 그 성질을 이해한다.",,,
2015개정,수학,중학교,공통 과목,수학,수와 연산,제곱근과 실수,[9수01-08]무리수의 개념을 이해한다.,,,
2015개정,수학,중학교,공통 과목,수학,수와 연산,제곱근과 실수,[9수01-09]실수의 대소 관계를 판단할 수 있다.,,,
2015개정,수학,중학교,공통 과목,수학,수와 연산,제곱근과 실수,[9수01-10]근호를 포함한 식의 사칙계산을 할 수 있다.,,,
2015개정,수학,중학교,공통 과목,수학,문자와 식,문자의 사용과 식의 계산,[9수02-01]다양한 상황을 문자를 사용한 식으로 나타낼 수 있다.,,,
2015개정,수학,중학교,공통 과목,수학,문자와 식,문자의 사용과 식의 계산,[9수02-02]식의 값을 구할 수 있다.,,,
2015개정,수학,중학교,공통 과목,수학,문자와 식,문자의 사용과 식의 계산,"[9수02-03]일차식의 덧셈과 뺄셈의 원리를 이해하고, 그 계산을 할 수 있다.",,,
2015개정,수학,중학교,공통 과목,수학,문자와 식,일차방정식,"[9수02-04]방정식과 그 해의 의미를 알고, 등식의 성질을 이해한다.",,,
2015개정,수학,중학교,공통 과목,수학,문자와 식,일차방정식,"[9수02-05]일차방정식을 풀 수 있고, 이를 활용하여 문제를 해결할 수 있다.",,,
2015개정,수학,중학교,공통 과목,수학,문자와 식,식의 계산,[9수02-06]지수법칙을 이해한다.,,,
2015개정,수학,중학교,공통 과목,수학,문자와 식,식의 계산,"[9수02-07]다항식의 덧셈과 뺄셈의 원리를 이해하고, 그 계산을 할 수 있다.",,,
2015개정,수학,중학교,공통 과목,수학,문자와 식,식의 계산,"[9수02-08]‘(단항식)×(다항식)’, ‘(다항식)÷(단항식)’과 같은 곱셈과 나눗셈의 원리를 이해하고, 그 계산을 할 수 있다.",,,
2015개정,수학,중학교,공통 과목,수학,문자와 식,일차부등식과 연립일차방정식,"[9수02-09]부등식과 그 해의 의미를 알고, 부등식의 성질을 이해한다.",,,
2015개정,수학,중학교,공통 과목,수학,문자와 식,일차부등식과 연립일차방정식,"[9수02-10]일차부등식을 풀 수 있고, 이를 활용하여 문제를 해결할 수 있다.",,,
2015개정,수학,중학교,공통 과목,수학,문자와 식,일차부등식과 연립일차방정식,"[9수02-11]미지수가 2개인 연립일차방정식을 풀 수 있고, 이를 활용하여 문제를 해결할 수 있다.",,,
2015개정,수학,중학교,공통 과목,수학,문자와 식,다항식의 곱셈과 인수분해,[9수02-12]다항식의 곱셈과 인수분해를 할 수 있다.,,,
2015개정,수학,중학교,공통 과목,수학,문자와 식,이차방정식,"[9수02-13]이차방정식을 풀 수 있고, 이를 활용하여 문제를 해결할 수 있다.",,,
2015개정,수학,중학교,공통 과목,수학,함수,좌표평면과 그래프,[9수03-01]순서쌍과 좌표를 이해한다.,,,
2015개정,수학,중학교,공통 과목,수학,함수,좌표평면과 그래프,"[9수03-02]다양한 상황을 그래프로 나타내고, 주어진 그래프를 해석할 수 있다.",,,
2015개정,수학,중학교,공통 과목,수학,함수,좌표평면과 그래프,"[9수03-03]정비례, 반비례 관계를 이해하고, 그 관계를 표, 식, 그래프로 나타낼 수 있다.",,,
2015개정,수학,중학교,공통 과목,수학,함수,일차함수와 그래프,[9수03-04]함수의 개념을 이해한다.,,,
2015개정,수학,중학교,공통 과목,수학,함수,일차함수와 그래프,"[9수03-05]일차함수의 의미를 이해하고, 그 그래프를 그릴 수 있다.",,,
2015개정,수학,중학교,공통 과목,수학,함수,일차함수와 그래프,"[9수03-06]일차함수의 그래프의 성질을 이해하고, 이를 활용하여 문제를 해결할 수 있다.",,,
2015개정,수학,중학교,공통 과목,수학,함수,일차함수와 일차방정식의 관계,[9수03-07]일차함수와 미지수가 2개인 일차방정식의 관계를 이해한다.,,,
2015개정,수학,중학교,공통 과목,수학,함수,일차함수와 일차방정식의 관계,[9수03-08]두 일차함수의 그래프와 연립일차방정식의 관계를 이해한다.,,,
2015개정,수학,중학교,공통 과목,수학,함수,이차함수와 그래프,"[9수03-09]이차함수의 의미를 이해하고, 그 그래프를 그릴 수 있다.",,,
2015개정,수학,중학교,공통 과목,수학,함수,이차함수와 그래프,[9수03-10]이차함수의 그래프의 성질을 이해한다,,,
2015개정,수학,중학교,공통 과목,수학,기하,기본 도형,"[9수04-01]점, 선, 면, 각을 이해하고, 점, 직선, 평면의 위치 관계를 설명할 수 있다.",,,
2015개정,수학,중학교,공통 과목,수학,기하,기본 도형,[9수04-02]평행선에서 동위각과 엇각의 성질을 이해한다.,,,
2015개정,수학,중학교,공통 과목,수학,기하,작도와 합동,[9수04-03]삼각형을 작도할 수 있다.,,,
2015개정,수학,중학교,공통 과목,수학,기하,작도와 합동,"[9수04-04]삼각형의 합동 조건을 이해하고, 이를 이용하여 두 삼각형이 합동인지 판별할 수 있다.",,,
2015개정,수학,중학교,공통 과목,수학,기하,평면도형의 성질,[9수04-05]다각형의 성질을 이해한다.,,,
2015개정,수학,중학교,공통 과목,수학,기하,평면도형의 성질,"[9수04-06]부채꼴의 중심각과 호의 관계를 이해하고, 이를 이용하여 부채꼴의 넓이와 호의 길이를 구할 수 있다.",,,
2015개정,수학,중학교,공통 과목,수학,기하,입체도형의 성질,[9수04-07]다면체의 성질을 이해한다.,,,
2015개정,수학,중학교,공통 과목,수학,기하,입체도형의 성질,[9수04-08]회전체의 성질을 이해한다.,,,
2015개정,수학,중학교,공통 과목,수학,기하,입체도형의 성질,[9수04-09]입체도형의 겉넓이와 부피를 구할 수 있다.,,,
2015개정,수학,중학교,공통 과목,수학,기하,삼각형과 사각형의 성질,[9수04-10]이등변삼각형의 성질을 이해하고 설명할 수 있다.,,,
2015개정,수학,중학교,공통 과목,수학,기하,삼각형과 사각형의 성질,[9수04-11]삼각형의 외심과 내심의 성질을 이해하고 설명할 수 있다.,,,
2015개정,수학,중학교,공통 과목,수학,기하,삼각형과 사각형의 성질,[9수04-12]사각형의 성질을 이해하고 설명할 수 있다.,,,
2015개정,수학,중학교,공통 과목,수학,기하,도형의 닮음,[9수04-13]도형의 닮음의 의미와 닮은 도형의 성질을 이해한다.,,,
2015개정,수학,중학교,공통 과목,수학,기하,도형의 닮음,"[9수04-14]삼각형의 닮음 조건을 이해하고, 이를 이용하여 두 삼각형이 닮음인지 판별할 수 있다.",,,
2015개정,수학,중학교,공통 과목,수학,기하,도형의 닮음,[9수04-15]평행선 사이의 선분의 길이의 비를 구할 수 있다.,,,
2015개정,수학,중학교,공통 과목,수학,기하,피타고라스 정리,[9수04-16]피타고라스 정리를 이해하고 설명할 수 있다.,,,
2015개정,수학,중학교,공통 과목,수학,기하,삼각비,"[9수04-17]삼각비의 뜻을 알고, 간단한 삼각비의 값을 구할 수 있다.",,,
2015개정,수학,중학교,공통 과목,수학,기하,삼각비,[9수04-18]삼각비를 활용하여 여러 가지 문제를 해결할 수 있다.,,,
2015개정,수학,중학교,공통 과목,수학,기하,원의 성질,[9수04-19]원의 현에 관한 성질과 접선에 관한 성질을 이해한다.,,,
2015개정,수학,중학교,공통 과목,수학,기하,원의 성질,[9수04-20]원주각의 성질을 이해한다.,,,
2015개정,수학,중학교,공통 과목,수학,확률과 통계,자료의 정리와 해석,"[9수05-01]자료를 줄기와 잎 그림, 도수분포표, 히스토그램, 도수분포다각형으로 나타내고 해석할 수 있다.",,,
2015개정,수학,중학교,공통 과목,수학,확률과 통계,자료의 정리와 해석,"[9수05-02]상대도수를 구하며, 이를 그래프로 나타내고, 상대도수의 분포를 이해한다.",,,
2015개정,수학,중학교,공통 과목,수학,확률과 통계,자료의 정리와 해석,[9수05-03]공학적 도구를 이용하여 실생활과 관련된 자료를 수집하고 표나 그래프로 정리하고 해석할 수 있다.,,,
2015개정,수학,중학교,공통 과목,수학,확률과 통계,확률과 그 기본 성질,[9수05-04]경우의 수를 구할 수 있다.,,,
2015개정,수학,중학교,공통 과목,수학,확률과 통계,확률과 그 기본 성질,"[9수05-05]확률의 개념과 그 기본 성질을 이해하고, 확률을 구할 수 있다.",,,
2015개정,수학,중학교,공통 과목,수학,확률과 통계,대푯값과 산포도,"[9수05-06]중앙값, 최빈값, 평균의 의미를 이해하고, 이를 구할 수 있다.",,,
2015개정,수학,중학교,공통 과목,수학,확률과 통계,대푯값과 산포도,"[9수05-07]분산과 표준편차의 의미를 이해하고, 이를 구할 수 있다.",,,
2015개정,수학,중학교,공통 과목,수학,확률과 통계,상관관계,"[9수05-08]자료를 산점도로 나타내고, 이를 이용하여 상관관계를 말할 수 있다.",,,
2022개정,수학,초등학교,공통 과목,수학,자료와 가능성,자료의 정리,"[2수04-01] 여러 가지 사물을 정해진 기준 또는 자신이 정한 기준으로 분류하여 개수를 세어 보고, 기준에 따른 결과를 말할 수 있다.",,,
2022개정,수학,초등학교,공통 과목,수학,자료와 가능성,자료의 정리,"[2수04-02] 자료를 분류하여 표로 나타내고, 자료를 표로 나타내면 편리한 점을 말할 수 있다.",,,
2022개정,수학,초등학교,공통 과목,수학,자료와 가능성,자료의 정리,"[2수04-03] 자료를 분류하여 ○, ×, / 등을 이용한 그래프로 나타내고, 자료를 그래프로 나타내면 편리한 점을 말할 수 있다.",,,
2022개정,수학,초등학교,공통 과목,수학,자료와 가능성,자료의 수집과 정리,[4수04-01] 자료를 수집하여 그림그래프나 막대그래프로 나타내고 해석할 수 있다.,,,
2022개정,수학,초등학교,공통 과목,수학,자료와 가능성,자료의 수집과 정리,[4수04-02] 자료를 수집하여 꺾은선그래프로 나타내고 해석할 수 있다.,,,
2022개정,수학,초등학교,공통 과목,수학,자료와 가능성,자료의 수집과 정리,"[4수04-03] 탐구 문제를 해결하기 위해 자료를 수집, 정리하여 막대그래프나 꺾은선그래프로 나타내고 해석할 수 있다.","[4수04-03] 여러 가지 문제를 해결하기 위해 자료를 수집, 정리하고 그래프로 나타내어 해석하는 일련의 과정을 직접 경험하게 한다. 자료의 크기를 비교할 때는 막대그래프로, 시간에 따른 변화의 경향을 알아볼 때는 꺾은선그래프로 나타내는 것이 편리함을 알고, 자료의 특성에 따라 목적에 맞는 적절한 그래프를 선택하게 한다.",,
2022개정,수학,초등학교,공통 과목,수학,자료와 가능성,자료의 수집과 정리,"[6수04-01] 평균의 의미를 알고, 자료를 수집하여 평균을 구하고 해석할 수 있다.","[6수04-01] 평균은 집단의 자료를 대표하는 값임을 이해하고, 여러 집단의 평균을 비교하는 활동을 통해 수학의 유용성을 인식하게 한다.",,
2022개정,수학,초등학교,공통 과목,수학,자료와 가능성,자료의 수집과 정리,[6수04-02] 자료를 수집하여 띠그래프나 원그래프로 나타내고 해석할 수 있다.,,,
2022개정,수학,초등학교,공통 과목,수학,자료와 가능성,자료의 수집과 정리,"[6수04-03] 탐구 문제를 설정하고, 그에 맞는 자료를 수집, 정리하여 적절한 그래프로 나타내고 해석할 수 있다.","[6수04-03] 해결하고자 하는 문제를 설정하고 그에 맞는 자료를 수집, 정리하여, 막대그래프, 꺾은선그래프, 띠그래프와 원그래프 중 적절한 그래프로 나타내고 해석하는 일련의 과정을 직접 경험하게 한다.",,
2022개정,수학,초등학교,공통 과목,수학,자료와 가능성,가능성,[6수04-04] 사건이 일어날 가능성을 말로 표현하고 비교할 수 있다.,"[6수04-04] ‘확실하다’, ‘불가능하다’, ‘∼일 것 같다’, ‘∼아닐 것 같다’, ‘반반이다’ 등 일상에서 사건이 일어날 가능성을 나타내는 다양한 표현을 이해하고, 가능성의 크기를 비교하게 한다.",,
2022개정,수학,초등학교,공통 과목,수학,자료와 가능성,가능성,[6수04-05] 사건이 일어날 가능성을 수로 나타낼 수 있다.,"[6수04-05] 가능성이 직관적으로 파악되는 생활 속의 간단한 사건에 대하여 그 가능성을 0,   , 1 등과 같은 수로 표현하게 한다. 사건이 일어날 가능성과 일어나지 않을 가능성이 같은 경우에 사건이 일어날 가능성을   로 표현할 수 있음을 이해하게 한다.",,
2022개정,수학,초등학교,공통 과목,수학,자료와 가능성,가능성,"[6수04-06] 자료를 이용하여 가능성을 예상하고, 가능성에 근거하여 적절한 판단을 내릴 수 있다.","[6수04-06] 제비뽑기, 동전 던지기, 주사위 던지기, 회전판 돌리기 등과 같은 간단한 실험 결과를 나타낸 표나 그래프를 보고 사건이 일어날 가능성을 비교하고 대략적으로 예상하게 한다.",,
2022개정,수학,중학교,공통 과목,수학,자료와 가능성,대푯값,"[9수04-01] 중앙값, 최빈값의 뜻을 알고, 자료의 특성에 따라 적절한 대푯값을 선택하여 구할 수 있다.","[9수04-01] 대푯값에는 초등학교에서 학습한 평균 이외에도 중앙값, 최빈값이 있음을 알고 그 필요성을 인식하게 한다. 자료의 특성에 따라 적절한 대푯값을 선택하여 구해 보고, 각 대푯값이 어떤 상황에서 유용하게 사용될 수 있는지 토론하게 한다.",,
2022개정,수학,중학교,공통 과목,수학,자료와 가능성,도수분포표와 상대도수,"[9수04-02] 자료를 줄기와 잎 그림, 도수분포표, 히스토그램, 도수분포다각형으로 나타내고 해석할 수 있다.",,,
2022개정,수학,중학교,공통 과목,수학,자료와 가능성,도수분포표와 상대도수,"[9수04-03] 상대도수를 구하고, 상대도수의 분포를 표나 그래프로 나타내고 해석할 수 있다.","[9수04-03] 상대도수는 도수의 총합이 다른 두 집단의 분포를 비교하는 상황에서 간단히 다루고, 상대도수의 필요성과 유용성을 인식하게 한다.",,
2022개정,수학,중학교,공통 과목,수학,자료와 가능성,도수분포표와 상대도수,"[9수04-04] 통계적 탐구 문제를 설정하고, 공학 도구를 이용하여 자료를 수집하여 분석하고, 그 결과를 해석할 수 있다.","[9수04-04] 다양한 맥락에서 해결하고자 하는 통계적 탐구 문제를 설정하고 적절한 계획을 세워 자료를 수집하게 한다. 수집한 자료를 자료의 특성과 목적에 맞게 표, 그래프, 수치 등으로 나타내어 분석하고, 그 결과를 탐구 문제와 연결하여 해석하게 한다. 자료를 수집하고 분석할 때는 인터넷 검색, 웹 기반 소프트웨어, 통계 프로그램 등을 활용하게 한다. 수집한 자료나 분석 결과가 적절한지 판단하여 계획을 수정하고, 통계적 근거를 바탕으로 토론하는 등 통계적 문제해결 과정에 주도적으로 참여하게 한다.",,
2022개정,수학,중학교,공통 과목,수학,자료와 가능성,경우의 수와 확률,[9수04-05] 경우의 수를 구할 수 있다.,"[9수04-05] 경우의 수는 두 경우의 수를 합하거나 곱하는 경우 정도로만 다루고, 순열과 조합을 이용하면 쉽게 해결되는 등의 복잡한 경우의 수를 구하는 문제는 다루지 않는다.",,
2022개정,수학,중학교,공통 과목,수학,자료와 가능성,경우의 수와 확률,"[9수04-06] 확률의 개념과 그 기본 성질을 이해하고, 확률을 구할 수 있다.","[9수04-06] 확률은 실험이나 관찰을 통해 구한 상대도수로서의 의미와 경우의 수의 비율로서의 의미를 연결하여 이해하게 한다. 경우의 수의 비율로 확률을 다룰 때, 각 경우가 발생할 가능성이 동등하다는 것을 가정한다는 점에 유의하게 한다.",,
2022개정,수학,중학교,공통 과목,수학,자료와 가능성,산포도,[9수04-07] 분산과 표준편차를 구하고 자료의 분포를 설명할 수 있다.,,,
2022개정,수학,중학교,공통 과목,수학,자료와 가능성,상자그림과 산점도,[9수04-08] 공학 도구를 이용하여 자료를 상자그림으로 나타내고 분포를 비교할 수 있다.,"[9수04-08] 상자그림을 다룰 때는 두 집단의 분포를 비교하고 해석하는 활동에 중점을 두고, 이를 통해 상자그림의 유용성을 인식하게 한다.",,
2022개정,수학,중학교,공통 과목,수학,자료와 가능성,상자그림과 산점도,[9수04-09] 자료를 산점도로 나타내고 상관관계를 말할 수 있다.,"[9수04-09] 상관관계는 양의 상관관계, 음의 상관관계, 상관관계가 없는 경우로 구분하여 다룬다.",,
2022개정,수학,초등학교,공통 과목,수학,수와 연산,네 자리 이하의 수,"[2수01-01] 수의 필요성을 인식하면서 0과 100까지의 수 개념을 이해하고, 수를 세고 읽고 쓸 수 있다.",,,
2022개정,수학,초등학교,공통 과목,수학,수와 연산,네 자리 이하의 수,"[2수01-02] 일, 십, 백, 천의 자릿값과 위치적 기수법을 이해하고, 네 자리 이하의 수를 읽고 쓸 수 있다.",,,
2022개정,수학,초등학교,공통 과목,수학,수와 연산,네 자리 이하의 수,"[2수01-03] 네 자리 이하의 수의 범위에서 수의 계열을 이해하고, 수의 크기를 비교할 수 있다.",,,
2022개정,수학,초등학교,공통 과목,수학,수와 연산,네 자리 이하의 수,[2수01-04] 하나의 수를 두 수로 분해하고 두 수를 하나의 수로 합성하는 활동을 통하여 수 감각을 기른다.,,,
2022개정,수학,초등학교,공통 과목,수학,수와 연산,두 자리 수 범위의 덧셈과 뺄셈,[2수01-05] 덧셈과 뺄셈이 이루어지는 실생활 상황과 연결하여 덧셈과 뺄셈의 의미를 이해한다.,,,
2022개정,수학,초등학교,공통 과목,수학,수와 연산,두 자리 수 범위의 덧셈과 뺄셈,[2수01-06] 두 자리 수의 범위에서 덧셈과 뺄셈의 계산 원리를 이해하고 그 계산을 할 수 있다.,"[2수01-06] 덧셈은 두 자리 수의 범위에서 다루되, 합이 세 자리 수인 경우도 포함한다.",,
2022개정,수학,초등학교,공통 과목,수학,수와 연산,두 자리 수 범위의 덧셈과 뺄셈,[2수01-07] 덧셈과 뺄셈의 관계를 이해한다.,,,
2022개정,수학,초등학교,공통 과목,수학,수와 연산,두 자리 수 범위의 덧셈과 뺄셈,[2수01-08] 두 자리 수의 범위에서 세 수의 덧셈과 뺄셈을 할 수 있다.,,,
2022개정,수학,초등학교,공통 과목,수학,수와 연산,두 자리 수 범위의 덧셈과 뺄셈,"[2수01-09] □가 사용된 덧셈식과 뺄셈식을 만들고, □의 값을 구할 수 있다.",,,
2022개정,수학,초등학교,공통 과목,수학,수와 연산,한 자리 수의 곱셈,[2수01-10] 곱셈이 이루어지는 실생활 상황과 연결하여 곱셈의 의미를 이해한다.,,,
2022개정,수학,초등학교,공통 과목,수학,수와 연산,한 자리 수의 곱셈,"[2수01-11] 곱셈구구를 이해하고, 한 자리 수의 곱셈을 할 수 있다.",,,
2022개정,수학,초등학교,공통 과목,수학,수와 연산,다섯 자리 이상의 수,"[4수01-01] 큰 수의 필요성을 인식하면서 10000 이상의 큰 수에 대한 자릿값과 위치적 기수법을 이해하고, 수를 읽고 쓸 수 있다.",,,
2022개정,수학,초등학교,공통 과목,수학,수와 연산,다섯 자리 이상의 수,"[4수01-02] 다섯 자리 이상의 수의 범위에서 수의 계열을 이해하고, 수의 크기를 비교하며 그 방법을 설명할 수 있다.",,,
2022개정,수학,초등학교,공통 과목,수학,수와 연산,세 자리 수의 덧셈과 뺄셈,[4수01-03] 세 자리 수의 덧셈과 뺄셈의 계산 원리를 이해하고 그 계산을 할 수 있다.,"[4수01-03] 덧셈은 세 자리 수의 범위에서 다루되, 합이 네 자리 수인 경우도 포함한다.",,
2022개정,수학,초등학교,공통 과목,수학,수와 연산,세 자리 수 범위의 곱셈,[4수01-04] 곱하는 수가 한 자리 수 또는 두 자리 수인 곱셈의 계산 원리를 이해하고 그 계산을 할 수 있다.,"[4수01-04] 곱셈은 ‘(두 자리 수)  (한 자리 수)’, ‘(세 자리 수)  (한 자리 수)’, ‘(두 자리 수)  (두 자리 수)’, ‘(세 자리 수)  (두 자리 수)’를 다룬다.",,
2022개정,수학,초등학교,공통 과목,수학,수와 연산,세 자리 수 범위의 나눗셈,"[4수01-05] 나눗셈이 이루어지는 실생활 상황과 연결하여 나눗셈의 의미를 알고, 곱셈과 나눗셈의 관계를 이해한다.",,,
2022개정,수학,초등학교,공통 과목,수학,수와 연산,세 자리 수 범위의 나눗셈,"[4수01-06] 나누는 수가 한 자리 수인 나눗셈의 계산 원리를 이해하고 그 계산을 할 수 있으며, 나눗셈에서 몫과 나머지의 의미를 안다.",[4수01-06] 나눗셈에서 ‘(두 자리 수)  (한 자리 수)’는 나누어떨어지는 경우와 나누어떨어지지 않는 경우를 포함하여 몫과 나머지를 이해하게 한다.,,
2022개정,수학,초등학교,공통 과목,수학,수와 연산,세 자리 수 범위의 나눗셈,[4수01-07] 나누는 수가 두 자리 수인 나눗셈의 계산 원리를 이해하고 그 계산을 할 수 있다.,"[4수01-07] 나누는 수가 두 자리 수인 나눗셈에서는 ‘(두 자리 수)  (두 자리 수)’, ‘(세 자리 수)  (두 자리 수)’를 다룬다.",,
2022개정,수학,초등학교,공통 과목,수학,수와 연산,자연수의 어림셈,"[4수01-08] 자연수의 덧셈, 뺄셈, 곱셈, 나눗셈과 관련한 여러 가지 상황에서 어림셈을 할 수 있다.",,,
2022개정,수학,초등학교,공통 과목,수학,수와 연산,분수,"[4수01-09] 양의 등분할을 통하여 분수의 필요성을 인식하고, 분수를 이해하고 읽고 쓸 수 있다.","[4수01-09] 1보다 작은 양을 나타내는 경우를 통하여 분수의 필요성이나 그 표현의 편리함을 인식하게 할 수 있다. 양의 등분할을 통하여 분수를 도입할 때 부분과 전체를 파악하게 하고, ‘분모’, ‘분자’를 사용한다.",,
2022개정,수학,초등학교,공통 과목,수학,수와 연산,분수,"[4수01-10] 단위분수, 진분수, 가분수, 대분수를 알고, 그 관계를 이해한다.",,,
2022개정,수학,초등학교,공통 과목,수학,수와 연산,분수,"[4수01-11] 분모가 같은 분수끼리, 단위분수끼리 크기를 비교하고 그 방법을 설명할 수 있다.",,,
2022개정,수학,초등학교,공통 과목,수학,수와 연산,소수,[4수01-12] 분모가 10인 진분수와 연결하여 소수 한 자리 수를 이해하고 읽고 쓸 수 있다.,,,
2022개정,수학,초등학교,공통 과목,수학,수와 연산,소수,[4수01-13] 자릿값의 원리를 바탕으로 소수 두 자리 수와 소수 세 자리 수를 이해하고 읽고 쓸 수 있다.,,,
2022개정,수학,초등학교,공통 과목,수학,수와 연산,소수,[4수01-14] 소수의 크기를 비교하고 그 방법을 설명할 수 있다.,,,
2022개정,수학,초등학교,공통 과목,수학,수와 연산,분수의 덧셈과 뺄셈,[4수01-15] 분모가 같은 분수의 덧셈과 뺄셈의 계산 원리를 이해하고 그 계산을 할 수 있다.,,,
2022개정,수학,초등학교,공통 과목,수학,수와 연산,소수의 덧셈과 뺄셈,[4수01-16] 소수 두 자리 수의 범위에서 소수의 덧셈과 뺄셈의 계산 원리를 이해하고 그 계산을 할 수 있다.,,,
2022개정,수학,초등학교,공통 과목,수학,수와 연산,자연수의 혼합 계산,"[6수01-01] 덧셈, 뺄셈, 곱셈, 나눗셈의 혼합 계산에서 계산하는 순서를 알고, 혼합 계산을 할 수 있다.",,,
2022개정,수학,초등학교,공통 과목,수학,수와 연산,"수의 범위와 올림, 버림, 반올림","[6수01-02] 실생활과 연결하여 이상, 이하, 초과, 미만의 의미와 쓰임을 알고, 이를 활용하여 수의 범위를 나타낼 수 있다.",,,
2022개정,수학,초등학교,공통 과목,수학,수와 연산,"수의 범위와 올림, 버림, 반올림","[6수01-03] 어림값을 구하기 위한 방법으로 올림, 버림, 반올림의 의미와 필요성을 알고, 이를 실생활에 활용함으로써 수학의 유용성을 인식할 수 있다.",,,
2022개정,수학,초등학교,공통 과목,수학,수와 연산,약수와 배수,"[6수01-04] 약수, 공약수, 최대공약수를 이해하고 구할 수 있다.",,,
2022개정,수학,초등학교,공통 과목,수학,수와 연산,약수와 배수,"[6수01-05] 배수, 공배수, 최소공배수를 이해하고 구할 수 있다.",,,
2022개정,수학,초등학교,공통 과목,수학,수와 연산,분수의 덧셈과 뺄셈,"[6수01-06] 크기가 같은 분수를 만드는 방법을 이해하고, 분수를 약분, 통분할 수 있다.",,,
2022개정,수학,초등학교,공통 과목,수학,수와 연산,분수의 덧셈과 뺄셈,[6수01-07] 분모가 다른 분수의 크기를 비교하고 그 방법을 설명할 수 있다.,,,
2022개정,수학,초등학교,공통 과목,수학,수와 연산,분수의 덧셈과 뺄셈,[6수01-08] 분모가 다른 분수의 덧셈과 뺄셈의 계산 원리를 탐구하고 그 계산을 할 수 있다.,,,
2022개정,수학,초등학교,공통 과목,수학,수와 연산,분수의 곱셈과 나눗셈,[6수01-09] 분수의 곱셈의 계산 원리를 탐구하고 그 계산을 할 수 있다.,,,
2022개정,수학,초등학교,공통 과목,수학,수와 연산,분수의 곱셈과 나눗셈,[6수01-10] ‘(자연수)  (자연수)’에서 나눗셈의 몫을 분수로 나타낼 수 있다.,,,
2022개정,수학,초등학교,공통 과목,수학,수와 연산,분수의 곱셈과 나눗셈,[6수01-11] 분수의 나눗셈의 계산 원리를 탐구하고 그 계산을 할 수 있다.,"[6수01-11] 분수의 나눗셈은 ‘(분수)  (자연수)’, ‘(자연수)  (분수)’, ‘(분수)  (분수)’를 다룬다.",,
2022개정,수학,초등학교,공통 과목,수학,수와 연산,분수와 소수의 관계,[6수01-12] 분수와 소수의 관계를 이해하고 크기를 비교하며 그 방법을 설명할 수 있다.,,,
2022개정,수학,초등학교,공통 과목,수학,수와 연산,소수의 곱셈과 나눗셈,[6수01-13] 소수의 곱셈의 계산 원리를 탐구하고 그 계산을 할 수 있다.,,,
2022개정,수학,초등학교,공통 과목,수학,수와 연산,소수의 곱셈과 나눗셈,[6수01-14] ‘(자연수)  (자연수)’에서 나눗셈의 몫을 소수로 나타낼 수 있다.,,,
2022개정,수학,초등학교,공통 과목,수학,수와 연산,소수의 곱셈과 나눗셈,[6수01-15] 소수의 나눗셈의 계산 원리를 탐구하고 그 계산을 할 수 있다.,"[6수01-15] 소수의 나눗셈은 ‘(소수)  (자연수)’, ‘(자연수)  (소수)’, ‘(소수)  (소수)’를 다룬다.",,
2022개정,수학,중학교,공통 과목,수학,수와 연산,소인수분해,"[9수01-01] 소인수분해의 뜻을 알고, 자연수를 소인수분해 할 수 있다.",,,
2022개정,수학,중학교,공통 과목,수학,수와 연산,소인수분해,[9수01-02] 소인수분해를 이용하여 최대공약수와 최소공배수를 구할 수 있다.,"[9수01-02] 초등학교에서 학습한 최대공약수와 최소공배수의 개념을 바탕으로 소인수분해를 이용하여 최대공약수와 최소공배수를 구하게 한다. 최대공약수와 최소공배수는 자연수의 소인수분해를 이용하는 범위에서 다루고, 최대공약수와 최소공배수의 활용 문제는 다루지 않는다.",,
2022개정,수학,중학교,공통 과목,수학,수와 연산,정수와 유리수,"[9수01-03] 다양한 상황을 이용하여 음수의 필요성을 인식하고, 양수와 음수, 정수와 유리수의 개념을 이해한다.",,,
2022개정,수학,중학교,공통 과목,수학,수와 연산,정수와 유리수,[9수01-04] 정수와 유리수의 대소 관계를 판단할 수 있다.,,,
2022개정,수학,중학교,공통 과목,수학,수와 연산,정수와 유리수,"[9수01-05] 정수와 유리수의 사칙계산의 원리를 이해하고, 그 계산을 할 수 있다.","[9수01-05] 정수의 사칙계산의 원리는 여러 가지 모델을 이용하여 직관적으로 이해하게 하고, 실생활에서 사칙계산의 유용성을 인식하게 한다.",,
2022개정,수학,중학교,공통 과목,수학,수와 연산,유리수와 순환소수,"[9수01-06] 순환소수의 뜻을 알고, 유리수와 순환소수의 관계를 설명할 수 있다.",[9수01-06] 순환소수를 분수로 고치는 것은 순환소수가 유리수임을 이해할 수 있는 정도로 다룬다. 유한소수를 순환소수로 나타내는 것은 다루지 않는다.,,
2022개정,수학,중학교,공통 과목,수학,수와 연산,제곱근과 실수,"[9수01-07] 제곱근의 뜻과 성질을 알고, 제곱근의 대소 관계를 판단할 수 있다.",,,
2022개정,수학,중학교,공통 과목,수학,수와 연산,제곱근과 실수,"[9수01-08] 무리수의 개념을 이해하고, 무리수의 유용성을 인식할 수 있다.","[9수01-08] 실생활에서 사용되는 무리수의 예를 찾아보는 활동을 통해 무리수의 필요성과 유용성을 인식하게 한다. 실수는 유리수와 무리수로 이루어짐을 이해하게 하고, 수 체계의 논리적인 아름다움에 관심을 갖게 한다.",,
2022개정,수학,중학교,공통 과목,수학,수와 연산,제곱근과 실수,[9수01-09] 실수의 대소 관계를 판단하고 설명할 수 있다.,,,
2022개정,수학,중학교,공통 과목,수학,수와 연산,제곱근과 실수,"[9수01-10] 근호를 포함한 식의 사칙계산의 원리를 이해하고, 그 계산을 할 수 있다.",,,
2022개정,수학,초등학교,공통 과목,수학,변화와 관계,규칙 찾기,"[2수02-01] 물체, 무늬, 수 등의 배열에서 규칙을 찾아 여러 가지 방법으로 표현할 수 있다.","[2수02-01] 물체, 무늬, 수 등의 배열을 관찰하여 일정하게 반복되거나 증가하는 규칙을 찾고 말, 수, 그림, 기호, 구체물, 행동 등의 다양한 방법으로 표현하게 한다. 그리고 물체, 무늬, 수의 배열에서 다음에 올 것이나 중간에 빠진 것을 추측하게 한다.",,
2022개정,수학,초등학교,공통 과목,수학,변화와 관계,규칙 찾기,"[2수02-02] 자신이 정한 규칙에 따라 물체, 무늬, 수 등을 배열할 수 있다.",,,
2022개정,수학,초등학교,공통 과목,수학,변화와 관계,규칙을 수나 식으로 나타내기,"[4수02-01] 다양한 변화 규칙을 찾아 설명하고, 그 규칙을 수나 식으로 나타낼 수 있다.",,,
2022개정,수학,초등학교,공통 과목,수학,변화와 관계,규칙을 수나 식으로 나타내기,"[4수02-02] 계산식의 배열에서 규칙을 찾고, 계산 결과를 추측할 수 있다.","[4수02-02] 다양한 규칙을 찾을 수 있는 계산식의 배열, 수의 성질을 탐구할 수 있는 계산식의 배열을 다룬다.",,
2022개정,수학,초등학교,공통 과목,수학,변화와 관계,등호와 동치 관계,[4수02-03] 등호를 사용하여 크기가 같은 두 양의 관계를 식으로 나타낼 수 있다.,"[4수02-03] 등호(  )의 의미를 토대로 구체물, 그림 등을 사용하여 주어진 식이 옳은지 판단하는 활동, 크기가 같은 두 양을 찾는 활동 등을 통해 동치 관계를 이해하게 한다.",,
2022개정,수학,초등학교,공통 과목,수학,변화와 관계,대응 관계,"[6수02-01] 한 양이 변할 때 다른 양이 그에 종속하여 변하는 대응 관계를 나타낸 표에서 규칙을 찾아 설명하고, □, △ 등을 사용하여 식으로 나타낼 수 있다.",,,
2022개정,수학,초등학교,공통 과목,수학,변화와 관계,비와 비율,"[6수02-02] 두 양의 크기를 비교하는 상황을 통해 비의 개념을 이해하고, 두 양의 관계를 비로 나타낼 수 있다.",[6수02-02] 두 양을 비교할 때는 한 양을 기준으로 다른 양이 몇 배가 되는지를 나타낼 필요성을 인식하면서 비의 개념을 이해하게 한다.,,
2022개정,수학,초등학교,공통 과목,수학,변화와 관계,비와 비율,"[6수02-03] 비율을 이해하고, 비율을 분수, 소수, 백분율로 나타낼 수 있다.",,,
2022개정,수학,초등학교,공통 과목,수학,변화와 관계,비례식과 비례배분,"[6수02-04] 비례식을 알고, 그 성질을 이해하며, 이를 활용하여 간단한 비례식을 풀 수 있다.",,,
2022개정,수학,초등학교,공통 과목,수학,변화와 관계,비례식과 비례배분,"[6수02-05] 비례배분을 알고, 주어진 양을 비례배분 할 수 있다.",,,
2022개정,수학,중학교,공통 과목,수학,변화와 관계,문자의 사용과 식,"[9수02-01] 다양한 상황을 문자를 사용한 식으로 나타내어 그 유용성을 인식하고, 식의 값을 구할 수 있다.",,,
2022개정,수학,중학교,공통 과목,수학,변화와 관계,문자의 사용과 식,"[9수02-02] 일차식의 덧셈과 뺄셈의 원리를 이해하고, 그 계산을 할 수 있다.",,,
2022개정,수학,중학교,공통 과목,수학,변화와 관계,일차방정식,"[9수02-03] 방정식과 그 해의 뜻을 알고, 등식의 성질을 설명할 수 있다.",,,
2022개정,수학,중학교,공통 과목,수학,변화와 관계,일차방정식,"[9수02-04] 일차방정식을 풀 수 있고, 이를 활용하여 문제를 해결할 수 있다.",,,
2022개정,수학,중학교,공통 과목,수학,변화와 관계,좌표평면과 그래프,"[9수02-05] 순서쌍과 좌표를 이해하고, 그 편리함을 인식할 수 있다.","[9수02-05] 실생활에서 좌표가 사용되는 예를 찾아보고 이를 수직선과 좌표평면 위에 표현해 보며, 그 유용성과 편리함을 인식하게 한다.",,
2022개정,수학,중학교,공통 과목,수학,변화와 관계,좌표평면과 그래프,"[9수02-06] 다양한 상황을 그래프로 나타내고, 주어진 그래프를 해석할 수 있다.","[9수02-06] 다양한 상황을 그래프로 나타내어 증가와 감소, 주기적 변화 등 변화 상태를 쉽게 파악할 수 있게 한다. 주어진 그래프를 해석하여 그래프가 나타내는 상황을 설명하게 함으로써 그래프의 유용성을 인식하게 한다.",,
2022개정,수학,중학교,공통 과목,수학,변화와 관계,좌표평면과 그래프,"[9수02-07] 정비례, 반비례 관계를 이해하고, 그 관계를 표, 식, 그래프로 나타낼 수 있다.","[9수02-07] 속력과 거리, 속력과 시간과 같은 실생활의 예를 통해 정비례와 반비례 관계를 직관적으로 이해하게 하고, 정비례와 반비례 관계가 성립하는 실생활의 예를 찾아 설명하게 한다.",,
2022개정,수학,중학교,공통 과목,수학,변화와 관계,식의 계산,"[9수02-08] 지수법칙을 이해하고, 이를 이용하여 식을 간단히 할 수 있다.",[9수02-08] 지수법칙은 지수가 자연수인 범위에서 단항식의 곱셈과 나눗셈을 하는 데 필요한 정도로 다룬다.,,
2022개정,수학,중학교,공통 과목,수학,변화와 관계,식의 계산,"[9수02-09] 다항식의 덧셈과 뺄셈의 원리를 이해하고, 그 계산을 할 수 있다.",,,
2022개정,수학,중학교,공통 과목,수학,변화와 관계,식의 계산,"[9수02-10] ‘(단항식)  (다항식)’, ‘(다항식)  (단항식)’과 같은 곱셈과 나눗셈의 원리를 이해하고, 그 계산을 할 수 있다.",[9수02-10] 다항식의 나눗셈에서는 다항식을 단항식으로 나누어 그 몫이 다항식이 되는 경우만 다룬다.,,
2022개정,수학,중학교,공통 과목,수학,변화와 관계,일차부등식,"[9수02-11] 부등식과 그 해의 뜻을 알고, 부등식의 성질을 설명할 수 있다.",,,
2022개정,수학,중학교,공통 과목,수학,변화와 관계,일차부등식,"[9수02-12] 일차부등식을 풀 수 있고, 이를 활용하여 문제를 해결할 수 있다.",,,
2022개정,수학,중학교,공통 과목,수학,변화와 관계,연립일차방정식,"[9수02-13] 미지수가 2개인 연립일차방정식을 풀 수 있고, 이를 활용하여 문제를 해결할 수 있다.",,,
2022개정,수학,중학교,공통 과목,수학,변화와 관계,일차함수와 그 그래프,"[9수02-14] 함수의 개념을 이해하고, 함숫값을 구할 수 있다.",,,
2022개정,수학,중학교,공통 과목,수학,변화와 관계,일차함수와 그 그래프,"[9수02-15] 일차함수의 개념을 이해하고, 그 그래프를 그릴 수 있다.",,,
2022개정,수학,중학교,공통 과목,수학,변화와 관계,일차함수와 그 그래프,"[9수02-16] 일차함수의 그래프의 성질을 이해하고, 이를 활용하여 문제를 해결할 수 있다.",,,
2022개정,수학,중학교,공통 과목,수학,변화와 관계,일차함수와 일차방정식의 관계,[9수02-17] 일차함수와 미지수가 2개인 일차방정식의 관계를 설명할 수 있다.,,,
2022개정,수학,중학교,공통 과목,수학,변화와 관계,일차함수와 일차방정식의 관계,[9수02-18] 두 일차함수의 그래프와 연립일차방정식의 관계를 설명할 수 있다.,,,
2022개정,수학,중학교,공통 과목,수학,변화와 관계,다항식의 곱셈과 인수분해,[9수02-19] 다항식의 곱셈과 인수분해를 할 수 있다.,"[9수02-19] 다항식의 곱셈과 다항식의 인수분해의 역관계를 이해하고, 이와 유사한 관계를 찾아보는 활동을 하게 한다. 다항식의 곱셈과 인수분해는 다음의 경우를 다룬다.",,
2022개정,수학,중학교,공통 과목,수학,변화와 관계,이차방정식,"[9수02-20] 이차방정식을 풀 수 있고, 이를 활용하여 문제를 해결할 수 있다.",,,
2022개정,수학,중학교,공통 과목,수학,변화와 관계,이차함수와 그 그래프,[9수02-21] 이차함수의 개념을 이해한다.,,,
2022개정,수학,중학교,공통 과목,수학,변화와 관계,이차함수와 그 그래프,"[9수02-22] 이차함수의 그래프를 그릴 수 있고, 그 성질을 설명할 수 있다.",[9수02-22] 이차함수   에서 최댓값과 최솟값은   의 범위가 실수 전체인 경우만 다룬다.,,
2022개정,수학,초등학교,공통 과목,수학,도형과 측정,입체도형의 모양,"[2수03-01] 교실 및 생활 주변에서 여러 가지 물건을 관찰하여 직육면체, 원기둥, 구의 모양을 찾고, 이를 이용하여 여러 가지 모양을 만들 수 있다.",,,
2022개정,수학,초등학교,공통 과목,수학,도형과 측정,입체도형의 모양,"[2수03-02] 쌓기나무를 이용하여 여러 가지 입체도형의 모양을 만들고, 그 모양에 대해 위치나 방향을 이용하여 말할 수 있다.",,,
2022개정,수학,초등학교,공통 과목,수학,도형과 측정,평면도형과 그 구성 요소,"[2수03-03] 교실 및 생활 주변에서 여러 가지 물건을 관찰하여 삼각형, 사각형, 원의 모양을 찾고, 이를 이용하여 여러 가지 모양을 만들 수 있다.",,,
2022개정,수학,초등학교,공통 과목,수학,도형과 측정,평면도형과 그 구성 요소,"[2수03-04] 삼각형, 사각형, 원을 직관적으로 이해하고, 그 모양을 그릴 수 있다.",,,
2022개정,수학,초등학교,공통 과목,수학,도형과 측정,평면도형과 그 구성 요소,"[2수03-05] 삼각형, 사각형에서 각각의 공통점을 찾아 말할 수 있다.",,,
2022개정,수학,초등학교,공통 과목,수학,도형과 측정,양의 비교,"[2수03-06] 구체물의 길이, 들이, 무게, 넓이를 비교하여 각각 ‘길다, 짧다’, ‘많다, 적다’, ‘무겁다, 가볍다’, ‘넓다, 좁다’ 등을 구별하여 말할 수 있다.",,,
2022개정,수학,초등학교,공통 과목,수학,도형과 측정,시각과 시간,[2수03-07] 시계를 보고 시각을 ‘몇 시 몇 분’까지 읽을 수 있다.,,,
2022개정,수학,초등학교,공통 과목,수학,도형과 측정,시각과 시간,"[2수03-08] 1시간과 1분의 관계를 이해하고, 시간을 ‘시간’, ‘분’으로 표현할 수 있다.",,,
2022개정,수학,초등학교,공통 과목,수학,도형과 측정,시각과 시간,"[2수03-09] 실생활 문제 상황과 연결하여 1분, 1시간, 1일, 1주일, 1개월, 1년 사이의 관계를 이해한다.",,,
2022개정,수학,초등학교,공통 과목,수학,도형과 측정,길이,"[2수03-10] 길이 단위 1cm와 1m를 알고, 이를 이용하여 주변 사물의 길이를 측정할 수 있다.",,,
2022개정,수학,초등학교,공통 과목,수학,도형과 측정,길이,"[2수03-11] 1m와 1cm의 관계를 이해하고, 길이를 ‘몇 m 몇 cm’와 ‘몇 cm’로 표현할 수 있다.",,,
2022개정,수학,초등학교,공통 과목,수학,도형과 측정,길이,"[2수03-12] 여러 가지 물건의 길이를 어림하고, 길이에 대한 양감을 기른다.",,,
2022개정,수학,초등학교,공통 과목,수학,도형과 측정,길이,[2수03-13] 실생활 문제 상황과 연결하여 길이의 덧셈과 뺄셈을 할 수 있다.,,,
2022개정,수학,초등학교,공통 과목,수학,도형과 측정,도형의 기초,"[4수03-01] 직선, 선분, 반직선을 이해하고 구별할 수 있다.",,,
2022개정,수학,초등학교,공통 과목,수학,도형과 측정,도형의 기초,"[4수03-02] 각과 직각을 이해하고, 직각과 비교하는 활동을 통하여 예각과 둔각을 구별할 수 있다.",,,
2022개정,수학,초등학교,공통 과목,수학,도형과 측정,도형의 기초,[4수03-03] 직선의 수직 관계와 평행 관계를 이해한다.,,,
2022개정,수학,초등학교,공통 과목,수학,도형과 측정,평면도형의 이동,"[4수03-04] 구체물이나 평면도형의 밀기, 뒤집기, 돌리기 활동을 통하여 그 변화를 이해한다.",[4수03-04] 실생활에서 평면도형의 이동을 활용한 사례를 찾아서 이동에 따른 변화를 추론하고 위치나 방향이 어떻게 변화했는지 설명하게 한다.,,
2022개정,수학,초등학교,공통 과목,수학,도형과 측정,평면도형의 이동,[4수03-05] 평면에서 점의 이동에 대해 위치와 방향을 이용하여 설명할 수 있다.,"[4수03-05] 평면에서 점의 이동은 격자를 따라 위, 아래, 오른쪽, 왼쪽으로 ‘∼칸’, ‘∼cm’를 이동하는 수준에서 다룬다. 한 점의 이동에 대해 위치와 방향을 설명하는 데 초점을 두고, 꼭짓점의 이동을 이용하여 평면도형의 이동을 설명하는 활동은 다루지 않는다.",,
2022개정,수학,초등학교,공통 과목,수학,도형과 측정,원의 구성 요소,"[4수03-06] 원의 중심, 반지름, 지름을 이해하고, 그 성질을 안다.",,,
2022개정,수학,초등학교,공통 과목,수학,도형과 측정,원의 구성 요소,[4수03-07] 컴퍼스를 이용하여 여러 가지 크기의 원을 그릴 수 있다.,[4수03-07] 컴퍼스를 사용하여 다양한 크기의 원을 그리는 방법을 원의 성질과 연결하여 이해하게 한다.,,
2022개정,수학,초등학교,공통 과목,수학,도형과 측정,여러 가지 삼각형,"[4수03-08] 여러 가지 모양의 삼각형에 대한 분류 활동을 통하여 이등변삼각형, 정삼각형을 이해하고, 그 성질을 탐구하고 설명할 수 있다.",,,
2022개정,수학,초등학교,공통 과목,수학,도형과 측정,여러 가지 삼각형,"[4수03-09] 여러 가지 모양의 삼각형에 대한 분류 활동을 통하여 직각삼각형, 예각삼각형, 둔각삼각형을 이해한다.",,,
2022개정,수학,초등학교,공통 과목,수학,도형과 측정,여러 가지 사각형,"[4수03-10] 여러 가지 모양의 사각형에 대한 분류 활동을 통하여 직사각형, 정사각형, 사다리꼴, 평행사변형, 마름모를 이해하고, 그 성질을 탐구하고 설명할 수 있다.",,,
2022개정,수학,초등학교,공통 과목,수학,도형과 측정,다각형,[4수03-11] 다각형과 정다각형을 이해한다.,"[4수03-11] 도형판, 모양 조각 등의 교구를 이용한 구체적인 조작 활동을 통해 다각형과 정다각형을 이해하게 한다.",,
2022개정,수학,초등학교,공통 과목,수학,도형과 측정,다각형,[4수03-12] 주어진 도형을 이용하여 여러 가지 모양을 만들거나 채우고 설명할 수 있다.,[4수03-12] 다양한 교구와 공학 도구 등을 이용한 구체적인 활동을 통해 주어진 도형으로 여러 가지 모양을 다양하게 만들거나 채울 수 있다.,,
2022개정,수학,초등학교,공통 과목,수학,도형과 측정,시각과 시간,"[4수03-13] 1분과 1초의 관계를 이해하고, 초 단위까지 시각을 읽을 수 있다.",,,
2022개정,수학,초등학교,공통 과목,수학,도형과 측정,시각과 시간,[4수03-14] 실생활 문제 상황과 연결하여 초 단위까지의 시간의 덧셈과 뺄셈을 할 수 있다.,,,
2022개정,수학,초등학교,공통 과목,수학,도형과 측정,길이,"[4수03-15] 길이 단위 1mm와 1km를 알고, 이를 이용하여 길이를 측정하고 어림하며 수학의 유용성을 인식할 수 있다.",,,
2022개정,수학,초등학교,공통 과목,수학,도형과 측정,길이,"[4수03-16] 1cm와 1mm, 1km와 1m의 관계를 이해하고, 길이를 ‘몇 cm 몇 mm’와 ‘몇 mm’, ‘몇 km 몇 m’와 ‘몇 m’로 다양하게 표현할 수 있다.",,,
2022개정,수학,초등학교,공통 과목,수학,도형과 측정,들이,"[4수03-17] 들이 단위 1L와 1mL를 알고, 이를 이용하여 들이를 측정하고 어림하며 수학의 유용성을 인식할 수 있다.",,,
2022개정,수학,초등학교,공통 과목,수학,도형과 측정,들이,"[4수03-18] 1L와 1mL의 관계를 이해하고, 들이를 ‘몇 L 몇 mL’와 ‘몇 mL’로 표현할 수 있다.",,,
2022개정,수학,초등학교,공통 과목,수학,도형과 측정,들이,[4수03-19] 실생활 문제 상황과 연결하여 들이의 덧셈과 뺄셈을 할 수 있다.,,,
2022개정,수학,초등학교,공통 과목,수학,도형과 측정,무게,"[4수03-20] 실생활에서 무게를 나타낼 때 사용하는 단위 1g과 1kg을 알고, 이를 이용하여 무게를 측정하고 어림하며 수학의 유용성을 인식할 수 있다.","[4수03-20] 초등학교에서는 무게와 질량의 개념을 엄밀하게 구분하지 않으며, 무게를 비교하고 측정하는 데에 g, kg의 단위를 사용하게 한다.",,
2022개정,수학,초등학교,공통 과목,수학,도형과 측정,무게,"[4수03-21] 1kg과 1g의 관계를 이해하고, 무게를 ‘몇 kg 몇 g’과 ‘몇 g’으로 표현할 수 있다.",,,
2022개정,수학,초등학교,공통 과목,수학,도형과 측정,무게,"[4수03-22] 실생활에서 무게를 나타낼 때 사용하는 단위 1t을 알고, 1t과 1kg의 관계를 이해한다.",,,
2022개정,수학,초등학교,공통 과목,수학,도형과 측정,무게,[4수03-23] 실생활 문제 상황과 연결하여 무게의 덧셈과 뺄셈을 할 수 있다.,,,
2022개정,수학,초등학교,공통 과목,수학,도형과 측정,각도,"[4수03-24] 각의 크기의 단위인 1도(°)를 알고, 각도기를 이용하여 각의 크기를 측정하고 어림할 수 있다.",,,
2022개정,수학,초등학교,공통 과목,수학,도형과 측정,각도,"[4수03-25] 여러 가지 방법으로 삼각형과 사각형의 내각의 크기의 합을 추론하고, 자신의 추론 과정을 설명할 수 있다.",,,
2022개정,수학,초등학교,공통 과목,수학,도형과 측정,합동과 대칭,"[6수03-01] 도형의 합동을 이해하고, 합동인 도형의 성질을 탐구하고 설명할 수 있다.","[6수03-01] 합동인 두 도형에서 대응점, 대응변, 대응각을 각각 찾게 하고 대응변의 길이와 대응각의 크기를 비교하는 활동을 통해 합동인 도형의 성질을 탐구하고 설명하게 한다.",,
2022개정,수학,초등학교,공통 과목,수학,도형과 측정,합동과 대칭,[6수03-02] 실생활과 연결하여 선대칭도형과 점대칭도형을 이해하고 그릴 수 있다.,,,
2022개정,수학,초등학교,공통 과목,수학,도형과 측정,직육면체와 정육면체,"[6수03-03] 직육면체와 정육면체를 이해하고, 구성 요소와 성질을 탐구하고 설명할 수 있다.",,,
2022개정,수학,초등학교,공통 과목,수학,도형과 측정,직육면체와 정육면체,[6수03-04] 직육면체와 정육면체의 겨냥도와 전개도를 그릴 수 있다.,,,
2022개정,수학,초등학교,공통 과목,수학,도형과 측정,각기둥과 각뿔,"[6수03-05] 각기둥과 각뿔을 이해하고, 구성 요소와 성질을 탐구하고 설명할 수 있다.",,,
2022개정,수학,초등학교,공통 과목,수학,도형과 측정,각기둥과 각뿔,[6수03-06] 각기둥의 전개도를 그릴 수 있다.,,,
2022개정,수학,초등학교,공통 과목,수학,도형과 측정,"원기둥, 원뿔, 구","[6수03-07] 원기둥, 원뿔, 구를 이해하고, 구성 요소와 성질을 탐구하고 설명할 수 있다.",,,
2022개정,수학,초등학교,공통 과목,수학,도형과 측정,"원기둥, 원뿔, 구",[6수03-08] 원기둥의 전개도를 그릴 수 있다.,,,
2022개정,수학,초등학교,공통 과목,수학,도형과 측정,입체도형의 공간 감각,[6수03-09] 쌓기나무로 만든 입체도형을 보고 사용된 쌓기나무의 개수를 구할 수 있다.,,,
2022개정,수학,초등학교,공통 과목,수학,도형과 측정,입체도형의 공간 감각,"[6수03-10] 쌓기나무로 만든 입체도형의 위, 앞, 옆에서 본 모양을 표현할 수 있고, 이러한 표현을 보고 입체도형의 모양을 추측할 수 있다.","[6수03-10] 여러 가지 물체, 건축물, 예술품, 쌓기나무로 만든 입체도형 등의 위, 앞, 옆에서 본 모양을 이용해서 전체 모양을 추측하게 하고, 이에 대해 자신의 추론 과정을 설명하게 한다.",,
2022개정,수학,초등학교,공통 과목,수학,도형과 측정,다각형의 둘레와 넓이,"[6수03-11] 평면도형의 둘레를 이해하고, 기본적인 평면도형의 둘레를 구할 수 있다.",,,
2022개정,수학,초등학교,공통 과목,수학,도형과 측정,다각형의 둘레와 넓이,"[6수03-12] 넓이 단위 1cm², 1m², 1km²를 알며, 그 관계를 이해한다.",,,
2022개정,수학,초등학교,공통 과목,수학,도형과 측정,다각형의 둘레와 넓이,"[6수03-13] 직사각형과 정사각형의 넓이를 구하는 방법을 이해하고, 이를 구할 수 있다.",,,
2022개정,수학,초등학교,공통 과목,수학,도형과 측정,다각형의 둘레와 넓이,"[6수03-14] 평행사변형, 삼각형, 사다리꼴, 마름모의 넓이를 구하는 방법을 다양하게 추론하고, 이와 관련된 문제를 해결할 수 있다.",,,
2022개정,수학,초등학교,공통 과목,수학,도형과 측정,원주율과 원의 넓이,"[6수03-15] 여러 가지 원 모양 물체의 원주와 지름을 측정하는 활동을 통하여, 원주율이 일정한 값임을 알고 그 근삿값을 사용할 수 있다.","[6수03-15] 여러 가지 원에서 (원주)  (지름)의 값을 구하여 모든 원에서 원주율이 일정함을 이해하게 하고, 원주율의 근삿값으로 3.14를 사용하게 한다.",,
2022개정,수학,초등학교,공통 과목,수학,도형과 측정,원주율과 원의 넓이,"[6수03-16] 원주와 원의 넓이를 구하는 방법을 이해하고, 이를 구할 수 있다.","[6수03-16] 지름과 원주율을 이용하면 원주를 직접 측정하지 않고도 구할 수 있음을 알게 하고, 직사각형의 넓이를 구하는 방법을 이용하여 원의 넓이를 구하는 방법을 이해하게 한다.",,
2022개정,수학,초등학교,공통 과목,수학,도형과 측정,입체도형의 겉넓이와 부피,"[6수03-17] 직육면체와 정육면체의 겉넓이를 구하는 방법을 이해하고, 이를 구할 수 있다.",,,
2022개정,수학,초등학교,공통 과목,수학,도형과 측정,입체도형의 겉넓이와 부피,"[6수03-18] 부피 단위 1cm³, 1m³를 알며, 그 관계를 이해한다.",,,
2022개정,수학,초등학교,공통 과목,수학,도형과 측정,입체도형의 겉넓이와 부피,"[6수03-19] 직육면체와 정육면체의 부피를 구하는 방법을 이해하고, 이를 구할 수 있다.",,,
2022개정,수학,중학교,공통 과목,수학,도형과 측정,기본 도형,"[9수03-01] 점, 선, 면, 각을 이해하고, 실생활 상황과 연결하여 점, 직선, 평면의 위치 관계를 설명할 수 있다.","[9수03-01] 점, 선, 면, 각과 관련된 용어는 다양한 상황에서 직관적으로 이해하게 한다.",,
2022개정,수학,중학교,공통 과목,수학,도형과 측정,기본 도형,[9수03-02] 평행선에서 동위각과 엇각의 성질을 이해하고 설명할 수 있다.,,,
2022개정,수학,중학교,공통 과목,수학,도형과 측정,작도와 합동,"[9수03-03] 삼각형을 작도하고, 그 과정을 설명할 수 있다.","[9수03-03] 주어진 삼각형과 합동인 삼각형을 작도하는 활동을 하고, 자신의 방법을 설명하게 한다.",,
2022개정,수학,중학교,공통 과목,수학,도형과 측정,작도와 합동,"[9수03-04] 삼각형의 합동 조건을 이해하고, 이를 이용하여 두 삼각형이 합동인지 판별할 수 있다.",,,
2022개정,수학,중학교,공통 과목,수학,도형과 측정,평면도형의 성질,[9수03-05] 다각형의 성질을 이해하고 설명할 수 있다.,"[9수03-05] 삼각형의 내각과 외각의 크기, 다각형의 내각과 외각의 크기의 합, 다각형의 대각선의 개수를 구하는 과정을 탐구하여 다각형의 성질을 추측하고 일반화할 수 있게 한다.",,
2022개정,수학,중학교,공통 과목,수학,도형과 측정,평면도형의 성질,"[9수03-06] 부채꼴의 중심각과 호의 관계를 이해하고, 이를 이용하여 부채꼴의 호의 길이와 넓이를 구할 수 있다.",,,
2022개정,수학,중학교,공통 과목,수학,도형과 측정,입체도형의 성질,"[9수03-07] 구체적인 모형이나 공학 도구를 이용하여 다면체와 회전체의 성질을 탐구하고, 이를 설명할 수 있다.","[9수03-07] 구체적인 사물, 전개도, 교구, 컴퓨터 프로그램 등을 이용하여 다면체와 회전체를 관찰하고 그 성질을 탐구하게 한다. 회전체 단면의 모양은 회전체의 성질을 이해하는 데 필요한 정도로 다룬다.",,
2022개정,수학,중학교,공통 과목,수학,도형과 측정,입체도형의 성질,[9수03-08] 입체도형의 겉넓이와 부피를 구할 수 있다.,,,
2022개정,수학,중학교,공통 과목,수학,도형과 측정,삼각형과 사각형의 성질,[9수03-09] 이등변삼각형의 성질을 이해하고 정당화할 수 있다.,"[9수03-09] 종이접기, 작도, 공학 도구 등을 이용하여 이등변삼각형의 성질을 추측하게 하고, 그 성질을 삼각형의 합동 조건을 이용하여 정당화할 수 있게 한다. 이때, 증명이라는 용어를 도입하고, 그 필요성을 인식하게 한다.",,
2022개정,수학,중학교,공통 과목,수학,도형과 측정,삼각형과 사각형의 성질,[9수03-10] 삼각형의 외심과 내심의 성질을 이해하고 정당화할 수 있다.,,,
2022개정,수학,중학교,공통 과목,수학,도형과 측정,삼각형과 사각형의 성질,[9수03-11] 사각형의 성질을 이해하고 정당화할 수 있다.,[9수03-11] 사각형의 성질은 대각선에 관한 성질을 위주로 다룬다. 여러 가지 사각형의 성질을 통해 사각형 사이의 관계를 설명하게 한다.,,
2022개정,수학,중학교,공통 과목,수학,도형과 측정,도형의 닮음,"[9수03-12] 도형의 닮음의 뜻과 닮은 도형의 성질을 이해하고, 닮음비를 구할 수 있다.",,,
2022개정,수학,중학교,공통 과목,수학,도형과 측정,도형의 닮음,"[9수03-13] 삼각형의 닮음 조건을 이해하고, 이를 이용하여 두 삼각형이 닮음인지 판별할 수 있다.",,,
2022개정,수학,중학교,공통 과목,수학,도형과 측정,도형의 닮음,[9수03-14] 평행선 사이의 선분의 길이의 비를 구할 수 있다.,,,
2022개정,수학,중학교,공통 과목,수학,도형과 측정,피타고라스 정리,[9수03-15] 피타고라스 정리를 이해하고 정당화할 수 있다.,"[9수03-15] 피타고라스 정리는 다양한 활동을 통하여 추측하고 정당화할 수 있게 한다. 피타고라스 정리의 역은 직관적으로 이해하게 하고, 이를 이용하여 세 변의 길이가 주어진 삼각형이 직각삼각형인지 판별하게 한다.",,
2022개정,수학,중학교,공통 과목,수학,도형과 측정,삼각비,"[9수03-16] 삼각비의 뜻을 알고, 간단한 삼각비의 값을 구할 수 있다.",,,
2022개정,수학,중학교,공통 과목,수학,도형과 측정,삼각비,[9수03-17] 삼각비를 활용하여 여러 가지 문제를 해결할 수 있다.,[9수03-17] 삼각비를 활용하여 직접 측정하기 어려운 거리나 높이 등을 구해 보는 활동을 통해 유용성을 인식하고 흥미를 느낄 수 있게 한다.,,
2022개정,수학,중학교,공통 과목,수학,도형과 측정,원의 성질,[9수03-18] 원의 현에 관한 성질과 접선에 관한 성질을 이해하고 정당화할 수 있다.,,,
2022개정,수학,중학교,공통 과목,수학,도형과 측정,원의 성질,[9수03-19] 원주각의 성질을 이해하고 정당화할 수 있다.,,,
2022개정,수학,고등학교,공통 과목,공통수학1,다항식,다항식의 연산,"[10공수1-01-01] 다항식의 사칙연산의 원리를 설명하고, 그 계산을 할 수 있다.",,,
2022개정,수학,고등학교,공통 과목,공통수학1,다항식,나머지정리,"[10공수1-01-02] 항등식의 성질과 나머지정리를 이해하고, 이를 활용하여 문제를 해결할 수 있다.",,,
2022개정,수학,고등학교,공통 과목,공통수학1,다항식,인수분해,[10공수1-01-03] 다항식의 인수분해를 할 수 있다.,,,
2022개정,수학,고등학교,공통 과목,공통수학1,방정식과 부등식,복소수와 이차방정식,"[10공수1-02-01] 복소수의 뜻과 성질을 설명하고, 사칙연산을 수행할 수 있다.",,,
2022개정,수학,고등학교,공통 과목,공통수학1,방정식과 부등식,복소수와 이차방정식,"[10공수1-02-02] 이차방정식의 실근과 허근을 이해하고, 판별식을 이용하여 이차방정식의 근을 판별할 수 있다.",,,
2022개정,수학,고등학교,공통 과목,공통수학1,방정식과 부등식,복소수와 이차방정식,[10공수1-02-03] 이차방정식의 근과 계수의 관계를 설명할 수 있다.,,,
2022개정,수학,고등학교,공통 과목,공통수학1,방정식과 부등식,이차방정식과 이차함수,[10공수1-02-04] 이차방정식과 이차함수를 연결하여 그 관계를 설명할 수 있다.,,,
2022개정,수학,고등학교,공통 과목,공통수학1,방정식과 부등식,이차방정식과 이차함수,[10공수1-02-05] 이차함수의 그래프와 직선의 위치 관계를 판단할 수 있다.,,,
2022개정,수학,고등학교,공통 과목,공통수학1,방정식과 부등식,이차방정식과 이차함수,"[10공수1-02-06] 이차함수의 최대, 최소를 탐구하고, 이를 실생활과 연결하여 유용성을 인식할 수 있다.",,,
2022개정,수학,고등학교,공통 과목,공통수학1,방정식과 부등식,여러 가지 방정식과 부등식,[10공수1-02-07] 간단한 삼차방정식과 사차방정식을 풀 수 있다.,,,
2022개정,수학,고등학교,공통 과목,공통수학1,방정식과 부등식,여러 가지 방정식과 부등식,[10공수1-02-08] 미지수가 2개인 연립이차방정식을 풀 수 있다.,,,
2022개정,수학,고등학교,공통 과목,공통수학1,방정식과 부등식,여러 가지 방정식과 부등식,[10공수1-02-09] 미지수가 1개인 연립일차부등식을 풀 수 있다.,,,
2022개정,수학,고등학교,공통 과목,공통수학1,방정식과 부등식,여러 가지 방정식과 부등식,[10공수1-02-10] 절댓값을 포함한 일차부등식을 풀 수 있다.,,,
2022개정,수학,고등학교,공통 과목,공통수학1,방정식과 부등식,여러 가지 방정식과 부등식,"[10공수1-02-11] 이차부등식과 이차함수를 연결하여 그 관계를 설명하고, 이차부등식과 연립이차부등식을 풀 수 있다.",,,
2022개정,수학,고등학교,공통 과목,공통수학1,경우의 수,합의 법칙과 곱의 법칙,"[10공수1-03-01] 합의 법칙과 곱의 법칙을 이해하고, 적절한 전략을 사용하여 경우의 수와 관련된 문제를 해결할 수 있다.",,,
2022개정,수학,고등학교,공통 과목,공통수학1,경우의 수,순열과 조합,"[10공수1-03-02] 순열의 개념을 이해하고, 순열의 수를 구하는 방법을 설명할 수 있다.",,,
2022개정,수학,고등학교,공통 과목,공통수학1,경우의 수,순열과 조합,"[10공수1-03-03] 조합의 개념을 이해하고, 조합의 수를 구하는 방법을 설명할 수 있다.",,,
2022개정,수학,고등학교,공통 과목,공통수학1,행렬,행렬과 그 연산,"[10공수1-04-01] 행렬의 뜻을 알고, 실생활 상황을 행렬로 표현할 수 있다.",,,
2022개정,수학,고등학교,공통 과목,공통수학1,행렬,행렬과 그 연산,"[10공수1-04-02] 행렬의 연산을 수행하고, 관련된 문제를 해결할 수 있다.",,,
2022개정,수학,고등학교,공통 과목,공통수학2,도형의 방정식,평면좌표,"[10공수2-01-01] 선분의 내분을 이해하고, 내분점의 좌표를 계산할 수 있다.",,,
2022개정,수학,고등학교,공통 과목,공통수학2,도형의 방정식,직선의 방정식,[10공수2-01-02] 두 직선의 평행 조건과 수직 조건을 탐구하고 이해한다.,,,
2022개정,수학,고등학교,공통 과목,공통수학2,도형의 방정식,직선의 방정식,"[10공수2-01-03] 점과 직선 사이의 거리를 구하고, 관련된 문제를 해결할 수 있다.",,,
2022개정,수학,고등학교,공통 과목,공통수학2,도형의 방정식,원의 방정식,"[10공수2-01-04] 원의 방정식을 구하고, 그래프를 그릴 수 있다.",,,
2022개정,수학,고등학교,공통 과목,공통수학2,도형의 방정식,원의 방정식,"[10공수2-01-05] 좌표평면에서 원과 직선의 위치 관계를 판단하고, 이를 활용하여 문제를 해결할 수 있다.",,,
2022개정,수학,고등학교,공통 과목,공통수학2,도형의 방정식,도형의 이동,"[10공수2-01-06] 평행이동을 탐구하고, 실생활과 연결하여 문제를 해결할 수 있다.",,,
2022개정,수학,고등학교,공통 과목,공통수학2,도형의 방정식,도형의 이동,"[10공수2-01-07] 원점, 축, 축, 직선 에 대한 대칭이동을 탐구하고, 실생활과 연결하여 문제를 해결할 수 있다.",,,
2022개정,수학,고등학교,공통 과목,공통수학2,집합과 명제,집합,"[10공수2-02-01] 집합의 개념을 이해하고, 집합을 표현할 수 있다.",,,
2022개정,수학,고등학교,공통 과목,공통수학2,집합과 명제,잡합,[10공수2-02-02] 두 집합 사이의 포함관계를 판단할 수 있다.,,,
2022개정,수학,고등학교,공통 과목,공통수학2,집합과 명제,집합,"[10공수2-02-03] 집합의 연산을 수행하고, 벤 다이어그램을 이용하여 나타낼 수 있다.",,,
2022개정,수학,고등학교,공통 과목,공통수학2,집합과 명제,명제,"[10공수2-02-04] 명제와 조건의 뜻을 알고, ‘모든’, ‘어떤’을 포함한 명제를 이해하고 설명할 수 있다.",,,
2022개정,수학,고등학교,공통 과목,공통수학2,집합과 명제,명제,[10공수2-02-05] 명제의 역과 대우를 이해하고 설명할 수 있다.,,,
2022개정,수학,고등학교,공통 과목,공통수학2,집합과 명제,명제,[10공수2-02-06] 충분조건과 필요조건을 이해하고 판단할 수 있다.,,,
2022개정,수학,고등학교,공통 과목,공통수학2,집합과 명제,명제,[10공수2-02-07] 대우를 이용한 증명법과 귀류법을 이해하고 관련된 명제를 증명할 수 있다.,,,
2022개정,수학,고등학교,공통 과목,공통수학2,집합과 명제,명제,"[10공수2-02-08] 절대부등식의 뜻을 알고, 간단한 절대부등식을 증명할 수 있다.",,,
2022개정,수학,고등학교,공통 과목,공통수학2,함수의 그래프,함수,"[10공수2-03-01] 함수의 개념을 설명하고, 그 그래프를 이해한다.",,,
2022개정,수학,고등학교,공통 과목,공통수학2,함수의 그래프,함수,"[10공수2-03-02] 함수의 합성을 설명하고, 합성함수를 구할 수 있다.",,,
2022개정,수학,고등학교,공통 과목,공통수학2,함수의 그래프,함수,"[10공수2-03-03] 역함수의 개념을 설명하고, 역함수를 구할 수 있다.",,,
2022개정,수학,고등학교,공통 과목,공통수학2,함수의 그래프,유리함수와 무리함수,"[10공수2-03-04] 유리함수 의 그래프를 그릴 수 있고, 그 그래프의 성질을 탐구할 수 있다.",,,
2022개정,수학,고등학교,공통 과목,공통수학2,함수의 그래프,유리함수와 무리함수,"[10공수2-03-05] 무리함수 의 그래프를 그릴 수 있고, 그 그래프의 성질을 탐구할 수 있다.",,,
2022개정,수학,고등학교,공통 과목,기본수학1,다항식,다항식의 연산,"[10기수1-01-01] 다항식의 덧셈과 뺄셈의 원리를 이해하고, 그 계산을 할 수 있다.",,,
2022개정,수학,고등학교,공통 과목,기본수학1,다항식,다항식의 연산,"[10기수1-01-02] 다항식의 곱셈과 나눗셈의 원리를 이해하고, 그 계산을 할 수 있다.",,,
2022개정,수학,고등학교,공통 과목,기본수학1,다항식,인수분해,[10기수1-01-03] 인수분해 공식을 이용하여 다항식의 인수분해를 할 수 있다.,,,
2022개정,수학,고등학교,공통 과목,기본수학1,방정식과 부등식,이차방정식과 이차함수,[10기수1-02-01] 간단한 이차방정식을 풀 수 있다.,,,
2022개정,수학,고등학교,공통 과목,기본수학1,방정식과 부등식,이차방정식과 이차함수,"[10기수1-02-02] 이차방정식에서 판별식을 이해하고, 근의 존재성을 판단할 수 있다.",,,
2022개정,수학,고등학교,공통 과목,기본수학1,방정식과 부등식,이차방정식과 이차함수,"[10기수1-02-03] 이차함수의 뜻을 알고, 이차함수의 그래프의 성질을 설명할 수 있다.",,,
2022개정,수학,고등학교,공통 과목,기본수학1,방정식과 부등식,이차방정식과 이차함수,[10기수1-02-04] 이차방정식과 이차함수를 연결하여 그 관계를 이해한다.,,,
2022개정,수학,고등학교,공통 과목,기본수학1,방정식과 부등식,이차방정식과 이차함수,"[10기수1-02-05] 이차함수의 최대, 최소를 이해하고, 간단한 문제를 해결할 수 있다.",,,
2022개정,수학,고등학교,공통 과목,기본수학1,방정식과 부등식,부등식,"[10기수1-02-06] 부등식의 성질을 설명하고, 일차부등식을 풀 수 있다.",,,
2022개정,수학,고등학교,공통 과목,기본수학1,방정식과 부등식,부등식,[10기수1-02-07] 미지수가 1개인 연립일차부등식을 풀 수 있다.,,,
2022개정,수학,고등학교,공통 과목,기본수학1,방정식과 부등식,부등식,[10기수1-02-08] 절댓값을 포함한 간단한 일차부등식을 풀 수 있다.,,,
2022개정,수학,고등학교,공통 과목,기본수학1,방정식과 부등식,부등식,"[10기수1-02-09] 이차부등식과 이차함수를 연결하여 그 관계를 이해하고, 간단한 이차부등식을 풀 수 있다.",,,
2022개정,수학,고등학교,공통 과목,기본수학1,경우의 수,합의 법칙과 곱의 법칙,"[10기수1-03-01] 합의 법칙과 곱의 법칙을 이해하고, 적절한 전략을 사용하여 경우의 수와 관련된 문제를 해결할 수 있다.",,,
2022개정,수학,고등학교,공통 과목,기본수학1,경우의 수,순열과 조합,"[10기수1-03-02] 순열의 개념을 이해하고, 순열의 수를 구할 수 있다.",,,
2022개정,수학,고등학교,공통 과목,기본수학1,경우의 수,순열과 조합,"[10기수1-03-03] 조합의 개념을 이해하고, 조합의 수를 구할 수 있다.",,,
2022개정,수학,고등학교,공통 과목,기본수학1,행렬,행렬과 그 연산,"[10기수1-04-01] 행렬의 뜻을 알고, 실생활 상황을 행렬로 표현할 수 있다.",,,
2022개정,수학,고등학교,공통 과목,기본수학1,행렬,행렬과 그 연산,"[10기수1-04-02] 행렬의 연산을 수행하고, 간단한 문제를 해결할 수 있다.",,,
2022개정,수학,고등학교,공통 과목,기본수학2,도형의 방정식,평면좌표,[10기수2-01-01] 두 점 사이의 거리를 계산할 수 있다.,,,
2022개정,수학,고등학교,공통 과목,기본수학2,도형의 방정식,평면좌표,"[10기수2-01-02] 직선의 방정식을 구하고, 그래프를 그릴 수 있다.",,,
2022개정,수학,고등학교,공통 과목,기본수학2,도형의 방정식,직선의 방정식,"[10기수2-01-03] 두 직선의 평행 조건과 수직 조건을 이해하고, 관련된 문제를 해결할 수 있다.",,,
2022개정,수학,고등학교,공통 과목,기본수학2,도형의 방정식,원의 방정식,"[10기수2-01-04] 원의 방정식을 구하고, 그래프를 그릴 수 있다.",,,
2022개정,수학,고등학교,공통 과목,기본수학2,도형의 방정식,원의 방정식,[10기수2-01-05] 좌표평면에서 원과 직선의 위치 관계를 판단할 수 있다.,,,
2022개정,수학,고등학교,공통 과목,기본수학2,도형의 방정식,도형의 이동,"[10기수2-01-06] 평행이동을 이해하고, 실생활과 연결할 수 있다.",,,
2022개정,수학,고등학교,공통 과목,기본수학2,도형의 방정식,도형의 이동,"[10기수2-01-07] 원점, 축, 축, 직선 에 대한 대칭이동을 이해하고, 실생활과 연결할 수 있다.",,,
2022개정,수학,고등학교,공통 과목,기본수학2,집합과 명제,집합,"[10기수2-02-01] 집합의 개념을 이해하고, 집합을 표현할 수 있다.",,,
2022개정,수학,고등학교,공통 과목,기본수학2,집합과 명제,집합,[10기수2-02-02] 두 집합 사이의 포함관계를 판단할 수 있다.,,,
2022개정,수학,고등학교,공통 과목,기본수학2,집합과 명제,집합,"[10기수2-02-03] 두 집합의 연산을 수행하고, 벤 다이어그램을 이용하여 나타낼 수 있다.",,,
2022개정,수학,고등학교,공통 과목,기본수학2,집합과 명제,명제,"[10기수2-02-04] 명제와 조건의 뜻을 알고, 이를 설명할 수 있다.",,,
2022개정,수학,고등학교,공통 과목,기본수학2,집합과 명제,명제,[10기수2-02-05] 명제의 역과 대우를 이해하고 설명할 수 있다.,,,
2022개정,수학,고등학교,공통 과목,기본수학2,함수와 그래프,함수,"[10기수2-03-01] 함수의 개념을 설명하고, 그 그래프를 이해한다.",,,
2022개정,수학,고등학교,공통 과목,기본수학2,함수와 그래프,함수,"[10기수2-03-02] 함수의 합성을 이해하고, 합성함수를 구할 수 있다.",,,
2022개정,수학,고등학교,공통 과목,기본수학2,함수와 그래프,함수,"[10기수2-03-03] 역함수의 개념을 이해하고, 역함수를 구할 수 있다.",,,
2022개정,수학,고등학교,공통 과목,기본수학2,함수와 그래프,유리함수와 무리함수,"[10기수2-03-04] 유리함수 의 그래프를 그릴 수 있고, 그 그래프의 성질을 탐구할 수 있다.",,,
2022개정,수학,고등학교,공통 과목,기본수학2,함수와 그래프,유리함수와 무리함수,"[10기수2-03-05] 무리함수 의 그래프를 그릴 수 있고, 그 그래프의 성질을 탐구할 수 있다.",,,
2022개정,수학,고등학교,공통 과목,대수,지수함수와 로그함수,지수와 로그,"[12대수01-01] 거듭제곱과 거듭제곱근의 뜻을 알고, 그 성질을 이용하여 계산할 수 있다.",,,
2022개정,수학,고등학교,공통 과목,대수,지수함수와 로그함수,지수와 로그,"[12대수01-02] 지수가 유리수, 실수까지 확장될 수 있음을 이해하고, 이를 설명할 수 있다.",,,
2022개정,수학,고등학교,공통 과목,대수,지수함수와 로그함수,지수와 로그,"[12대수01-03] 지수법칙을 이해하고, 이를 이용하여 식을 간단히 나타낼 수 있다.",,,
2022개정,수학,고등학교,공통 과목,대수,지수함수와 로그함수,지수와 로그,"[12대수01-04] 로그의 뜻을 알고, 그 성질을 이용하여 계산할 수 있다.",,,
2022개정,수학,고등학교,공통 과목,대수,지수함수와 로그함수,지수와 로그,"[12대수01-05] 상용로그를 이해하고, 이를 실생활과 연결하여 문제를 해결할 수 있다.",,,
2022개정,수학,고등학교,공통 과목,대수,지수함수와 로그함수,지수함수와 로그함수,"[12대수01-06] 지수함수와 로그함수의 뜻을 알고, 이를 설명할 수 있다.",,,
2022개정,수학,고등학교,공통 과목,대수,지수함수와 로그함수,지수함수와 로그함수,"[12대수01-07] 지수함수와 로그함수의 그래프를 그릴 수 있고, 그 성질을 설명할 수 있다.",,,
2022개정,수학,고등학교,공통 과목,대수,지수함수와 로그함수,지수함수와 로그함수,"[12대수01-08] 지수함수, 로그함수를 활용하여 문제를 해결할 수 있다.",,,
2022개정,수학,고등학교,공통 과목,대수,삼각함수,삼각함수,"[12대수02-01] 일반각과 호도법의 뜻을 알고, 그 관계를 설명할 수 있다.",,,
2022개정,수학,고등학교,공통 과목,대수,삼각함수,삼각함수,"[12대수02-02] 삼각함수의 개념을 이해하여 사인함수, 코사인함수, 탄젠트함수의 그래프를 그리고, 그 성질을 설명할 수 있다.",,,
2022개정,수학,고등학교,공통 과목,대수,삼각함수,사인법칙과 코사인법칙,"[12대수02-03] 사인법칙과 코사인법칙을 이해하고, 실생활 문제를 해결할 수 있다.",,,
2022개정,수학,고등학교,공통 과목,대수,수열,등차수열과 등비수열,[12대수03-01] 수열의 뜻을 설명할 수 있다.,,,
2022개정,수학,고등학교,공통 과목,대수,수열,등차수열과 등비수열,"[12대수03-02] 등차수열의 뜻을 알고, 일반항, 첫째항부터 제항까지의 합을 구할 수 있다.",,,
2022개정,수학,고등학교,공통 과목,대수,수열,등차수열과 등비수열,"[12대수03-03] 등비수열의 뜻을 알고, 일반항, 첫째항부터 제항까지의 합을 구할 수 있다.",,,
2022개정,수학,고등학교,공통 과목,대수,수열,수열의 합,"[12대수03-04] 의 뜻과 성질을 이해하고, 이를 활용하여 문제를 해결할 수 있다.",,,
2022개정,수학,고등학교,공통 과목,대수,수열,수열의 합,[12대수03-05] 여러 가지 수열의 첫째항부터 제항까지의 합을 구하는 방법을 설명할 수 있다.,,,
2022개정,수학,고등학교,공통 과목,대수,수열,수학적 귀납법,[12대수03-06] 수열의 귀납적 정의를 설명할 수 있다.,,,
2022개정,수학,고등학교,공통 과목,대수,수열,수학적 귀납법,"[12대수03-07] 수학적 귀납법의 원리를 이해하고, 이를 이용하여 명제를 증명할 수 있다.",,,
2022개정,수학,고등학교,공통 과목,미적분1,함수의 극한과 연속,함수의 극한,"[12미적Ⅰ-01-01] 함수의 극한의 뜻을 알고, 이를 설명할 수 있다.",,,
2022개정,수학,고등학교,공통 과목,미적분1,함수의 극한과 연속,함수의 극한,"[12미적Ⅰ-01-02] 함수의 극한에 대한 성질을 이해하고, 함수의 극한값을 구할 수 있다.",,,
2022개정,수학,고등학교,공통 과목,미적분1,함수의 극한과 연속,함수의 연속,[12미적Ⅰ-01-03] 함수의 연속을 극한으로 탐구하고 이해한다.,,,
2022개정,수학,고등학교,공통 과목,미적분1,함수의 극한과 연속,함수의 연속,"[12미적Ⅰ-01-04] 연속함수의 성질을 이해하고, 이를 활용하여 문제를 해결할 수 있다.",,,
2022개정,수학,고등학교,공통 과목,미적분1,미분,미분계수,"[12미적Ⅰ-02-01] 미분계수를 이해하고, 이를 구할 수 있다.",,,
2022개정,수학,고등학교,공통 과목,미적분1,미분,미분계수,"[12미적Ⅰ-02-02] 함수의 미분가능성과 연속성의 관계를 설명하고, 이를 활용할 수 있다.",,,
2022개정,수학,고등학교,공통 과목,미적분1,미분,도함수,[12미적Ⅰ-02-03] 함수 (은 양의 정수)의 도함수를 구할 수 있다.,,,
2022개정,수학,고등학교,공통 과목,미적분1,미분,도함수,"[12미적Ⅰ-02-04] 함수의 실수배, 합, 차, 곱의 미분법을 알고, 다항함수의 도함수를 구할 수 있다.",,,
2022개정,수학,고등학교,공통 과목,미적분1,미분,도함수,"[12미적Ⅰ-02-05] 미분계수와 접선의 기울기의 관계를 이해하고, 접선의 방정식을 구할 수 있다.",,,
2022개정,수학,고등학교,공통 과목,미적분1,미분,도함수,"[12미적Ⅰ-02-06] 함수에 대한 평균값 정리를 설명하고, 이를 활용할 수 있다.",,,
2022개정,수학,고등학교,공통 과목,미적분1,미분,도함수,"[12미적Ⅰ-02-07] 함수의 증가와 감소, 극대와 극소를 판정하고 설명할 수 있다.",,,
2022개정,수학,고등학교,공통 과목,미적분1,미분,도함수,[12미적Ⅰ-02-08] 함수의 그래프의 개형을 그릴 수 있다.,,,
2022개정,수학,고등학교,공통 과목,미적분1,미분,도함수의 활용,[12미적Ⅰ-02-09] 방정식과 부등식에 대한 문제를 해결할 수 있다.,,,
2022개정,수학,고등학교,공통 과목,미적분1,미분,도함수의 활용,"[12미적Ⅰ-02-10] 미분을 속도와 가속도에 대한 문제에 활용하고, 그 유용성을 인식할 수 있다.",,,
2022개정,수학,고등학교,공통 과목,미적분1,적분,부정적분,"[12미적Ⅰ-03-01] 부정적분의 뜻을 알고, 이를 설명할 수 있다.",,,
2022개정,수학,고등학교,공통 과목,미적분1,적분,부정적분,"[12미적Ⅰ-03-02] 함수의 실수배, 합, 차의 부정적분을 알고, 다항함수의 부정적분을 구할 수 있다.",,,
2022개정,수학,고등학교,공통 과목,미적분1,적분,정적분,"[12미적Ⅰ-03-03] 정적분의 개념을 탐구하고, 그 성질을 이해한다.",,,
2022개정,수학,고등학교,공통 과목,미적분1,적분,정적분,"[12미적Ⅰ-03-04] 부정적분과 정적분의 관계를 이해하고, 다항함수의 정적분을 구할 수 있다.",,,
2022개정,수학,고등학교,공통 과목,미적분1,적분,정적분의 활용,[12미적Ⅰ-03-05] 곡선으로 둘러싸인 도형의 넓이에 대한 문제를 해결할 수 있다.,,,
2022개정,수학,고등학교,공통 과목,미적분1,적분,정적분의 활용,"[12미적Ⅰ-03-06] 적분을 속도와 거리에 대한 문제에 활용하고, 그 유용성을 인식할 수 있다.",,,
2022개정,수학,고등학교,공통 과목,확률과 통계,경우의 수,순열과 조합,"[12확통01-01] 중복순열, 같은 것이 있는 순열을 이해하고, 그 순열의 수를 구하는 방법을 설명할 수 있다.",,,
2022개정,수학,고등학교,공통 과목,확률과 통계,경우의 수,순열과 조합,"[12확통01-02] 중복조합을 이해하고, 중복조합의 수를 구하는 방법을 설명할 수 있다.",,,
2022개정,수학,고등학교,공통 과목,확률과 통계,경우의 수,이항정리,"[12확통01-03] 이항정리를 이해하고, 이를 활용하여 문제를 해결할 수 있다.",,,
2022개정,수학,고등학교,공통 과목,확률과 통계,확률,확률의 개념과 활용,[12확통02-01] 확률의 개념을 이해하고 기본 성질을 설명할 수 있다.,,,
2022개정,수학,고등학교,공통 과목,확률과 통계,확률,확률의 개념과 활용,"[12확통02-02] 확률의 덧셈정리를 이해하고, 이를 활용하여 문제를 해결할 수 있다.",,,
2022개정,수학,고등학교,공통 과목,확률과 통계,확률,확률의 개념과 활용,"[12확통02-03] 여사건의 확률을 이해하고, 이를 활용하여 문제를 해결할 수 있다.",,,
2022개정,수학,고등학교,공통 과목,확률과 통계,확률,조건부확률,"[12확통02-04] 조건부확률을 이해하고, 이를 실생활과 연결하여 문제를 해결할 수 있다.",,,
2022개정,수학,고등학교,공통 과목,확률과 통계,확률,조건부확률,"[12확통02-05] 사건의 독립과 종속을 이해하고, 이를 판단할 수 있다.",,,
2022개정,수학,고등학교,공통 과목,확률과 통계,확률,조건부확률,"[12확통02-06] 확률의 곱셈정리를 이해하고, 이를 활용하여 문제를 해결할 수 있다.",,,
2022개정,수학,고등학교,공통 과목,확률과 통계,통계,확률분포,[12확통03-01] 확률변수와 확률분포의 뜻을 설명할 수 있다.,,,
2022개정,수학,고등학교,공통 과목,확률과 통계,통계,확률분포,[12확통03-02] 이산확률변수의 기댓값(평균)과 표준편차를 구할 수 있다.,,,
2022개정,수학,고등학교,공통 과목,확률과 통계,통계,확률분포,"[12확통03-03] 이항분포의 뜻과 성질을 이해하고, 평균과 표준편차를 구할 수 있다.",,,
2022개정,수학,고등학교,공통 과목,확률과 통계,통계,확률분포,"[12확통03-04] 정규분포의 뜻과 성질을 이해하고, 이항분포와의 관계를 설명할 수 있다.",,,
2022개정,수학,고등학교,공통 과목,확률과 통계,통계,통계적 추정,"[12확통03-05] 모집단과 표본의 뜻을 알고, 표본추출의 방법을 설명할 수 있다.",,,
2022개정,수학,고등학교,공통 과목,확률과 통계,통계,통계적 추정,"[12확통03-06] 표본평균과 모평균, 표본비율과 모비율의 관계를 이해하고 설명할 수 있다.",,,
2022개정,수학,고등학교,공통 과목,확률과 통계,통계,통계적 추정,[12확통03-07] 공학 도구를 이용하여 모평균 및 모비율을 추정하고 그 결과를 해석할 수 있다.,,,
